cust_id,Geo,Age
100003871,Gangnam,57
100249228,Gangnam,91
100249256,Gangnam,91
100336595,Yangcheon,90
100418743,Yangcheon,89
100521336,Gangnam,87
100654492,Seocho,86
100997807,Seongnam,84
101044035,Gangnam,83
101050493,Seongdong,83
101193181,Seocho,83
101193441,Nam-gu,83
101209264,Seocho,83
101210269,Yongsan,83
101292926,Junggu,82
101405713,Gangnam,82
101421274,Gangnam,82
101436573,Junggu,82
101560315,Gangnam,81
101570167,Seo-gu,81
101641789,Seongnam,81
101676751,Gangnam,80
101765979,Gangnam,80
101797595,Seongdong,80
101871853,Seongdong,80
101930734,Gwangjin,79
102048121,Gwangjin,79
102085039,Yeongdeungpo,79
102103531,Seongdong,79
102104156,Gimpo,79
102111082,Yongsan,79
102118554,Gangnam,79
102123858,Mapo,79
102137931,Gimpo,79
102250478,Gangnam,78
102269082,Seodaemun,78
102280825,Gangnam,78
102301484,Seocho,78
102356913,Anseong,78
102398312,Seongnam,78
102411746,Goyang,78
102459653,Seocho,77
102588257,Gangnam,77
102657839,Gangseo,77
102671425,Gangnam,77
102705083,Gangbuk,77
102706335,Gangnam,77
102748771,Yongsan,77
102999603,Seo-gu,76
103032533,Gangnam,76
103069033,Gangnam,76
103071647,Yangju,76
103078272,Gangnam,76
103086002,Gangnam,76
103169211,Bucheon,76
103198408,Gwangjin,75
103217707,Gangnam,75
103242676,Junggu,75
103265683,Gangnam,75
103266725,Seocho,75
103274396,Seocho,75
103442205,Gangnam,75
103489685,Gangnam,75
103500373,Yangcheon,75
103536637,Suwon,75
103555856,Gangnam,75
103606587,Gangnam,74
103610243,Yangcheon,74
103706481,Yangcheon,74
103731611,Gwangjin,74
103763645,Yangcheon,74
103804039,Gangnam,74
103848301,Yongsan,74
103862061,Seocho,74
103972818,Seongnam,74
103993867,Bupyeong,74
104015022,Eunpyeong,73
104239403,Bucheon,73
104245439,Junggu,73
104274324,Yangcheon,73
104294041,Gangnam,73
104365003,Gangnam,73
104365477,Yangcheon,73
104434431,Mapo,72
104436365,Yangcheon,72
104523441,Songpa,72
104527871,Seocho,72
104547032,Yongsan,72
104576231,Gangnam,72
104645917,Gangnam,72
104676344,Seongdong,72
104708301,Gangnam,72
104714221,Seongnam,72
104735002,Guro,72
104744254,Goyang,72
104748397,Junggu,72
104755151,Gangnam,72
104824786,Gangnam,72
104928618,Dalseo,72
105062443,Gangnam,71
105108576,Gangnam,71
105114805,Gangnam,71
105146839,Goyang,71
105161631,Bucheon,71
105282751,Bupyeong,71
105292847,Gangnam,71
105298192,Yeonsu,71
105354161,Namyangju,71
105376615,Songpa,71
105383303,Gangnam,71
105385406,Yongsan,71
105409357,Songpa,71
105410182,Gangnam,71
105438898,Gangnam,71
105448222,Seocho,71
105491391,Gangnam,71
105499161,Gangnam,71
105536434,Nam-gu,71
105714359,Gangnam,70
105728415,Nam-gu,70
105729686,Gangnam,70
105751827,Seongnam,70
105867763,Eunpyeong,70
105877364,Yangcheon,70
105900176,Junggu,70
105915945,Gangdong,70
106003048,Yongin,70
106063144,Gangnam,70
106065081,Gangbuk,70
106146626,Gangnam,70
106150953,Seodaemun,70
106223509,Bucheon,69
106325965,Gangnam,69
106410569,Gangnam,69
106429067,Yangcheon,69
106530105,Yangcheon,69
106533091,Yangcheon,69
106558721,Yangcheon,69
106602881,Bucheon,69
106614804,Bucheon,69
106625886,Bucheon,69
106634874,Guro,69
106720996,Gangdong,69
106806986,Songpa,69
106828042,Yangcheon,69
106879189,Buk-gu,69
106931371,Buk-gu,69
106931698,Yangcheon,69
106966957,Chuncheon,69
106999509,Yangcheon,68
107028807,Gangnam,68
107032692,Seocho,68
107037128,Seongnam,68
107089284,Gangnam,68
107099331,Gangdong,68
107099957,Gangnam,68
107120534,Bucheon,68
107154501,Yeongdeungpo,68
107196241,Songpa,68
107259501,Yeongdeungpo,68
107298341,Bucheon,68
107322852,Gangnam,68
107336527,Gangnam,68
107368721,Yangcheon,68
107374179,Gangnam,68
107376845,Chuncheon,68
107452253,Nam-gu,68
107453641,Yangcheon,68
107455941,Yangcheon,68
107473378,Yangcheon,68
107476488,Paju,68
107541156,Gangnam,68
107544407,Songpa,68
107568748,Goyang,68
107624679,Gangnam,68
107655996,Gangnam,68
107656003,Bupyeong,68
107660525,Gangnam,68
107661051,Yeongdeungpo,68
107794961,Seongbuk,67
107813881,Gangnam,67
107817041,Gangnam,67
107823532,Seongnam,67
107911471,Gangnam,67
107942143,Bucheon,67
107958629,Yongsan,67
107968901,Gangnam,67
108068559,Gangnam,67
108102399,Gimpo,67
108105888,Gimpo,67
108112394,Yangcheon,67
108128014,Bupyeong,67
108158811,Gangnam,67
108166478,Gangnam,67
108227451,Pyeongtaek,67
108267412,Seocho,67
108327631,Gangnam,67
108330975,Gangdong,67
108369041,Bucheon,67
108433674,Yongsan,67
108438467,Mapo,67
108447101,Nam-gu,67
108478101,Junggu,67
108484362,Bucheon,67
108488869,Yongsan,67
108535498,Yangcheon,67
108592811,Gangnam,67
108602635,Gangnam,67
108605695,Bucheon,67
108605955,Seongnam,67
108792879,Yongsan,66
108817649,Songpa,66
108826364,Songpa,66
108869294,Gangnam,66
108899851,Gangnam,66
108908973,Gangnam,66
108923263,Songpa,66
108930616,Gangdong,66
108968271,Seongnam,66
108996419,Bucheon,66
109023301,Bucheon,66
109041594,Yangcheon,66
109058881,Seocho,66
109076371,Seongnam,66
109130519,Bucheon,66
109137551,Bucheon,66
109152183,Yongsan,66
109190894,Guro,66
109205791,Yeongdeungpo,66
109272046,Nowon,66
109276321,Songpa,66
109297996,Goyang,66
109308509,Buk-gu,66
109362558,Goyang,66
109375726,Nam-gu,66
109382468,Gangnam,66
109383397,Nam-gu,66
109428731,Yongsan,66
109584353,Seongdong,65
109608627,Bucheon,65
109613673,Gangnam,65
109720565,Seongdong,65
109739273,Songpa,65
109745424,Gangnam,65
109756779,Bucheon,65
109799025,Gangnam,65
109804058,Gangnam,65
109829443,Yangcheon,65
109863868,Gangnam,65
109864349,Yangcheon,65
109869185,Yangcheon,65
109875141,Seocho,65
109875299,Yongin,65
109904292,Yangcheon,65
109937825,Gangnam,65
109971347,Bucheon,65
109977991,Gangdong,65
109993494,Seongnam,65
110007956,Seo-gu,65
110012188,Yangcheon,65
110042626,Yangcheon,65
110267181,Songpa,65
110270601,Seocho,65
110283822,Yongsan,65
110287742,Seongnam,65
110296113,Junggu,65
110312014,Gangnam,65
110322414,Yangcheon,65
110374871,Bucheon,65
110418817,Gangnam,65
110429202,Yangcheon,65
110477098,Gangnam,65
110488921,Siheung,65
110517819,Gangseo,65
110551839,Seongnam,65
110595839,Gangnam,64
110612314,Yeonsu,64
110637651,Gangnam,64
110640261,Seongdong,64
110652749,Yangju,64
110675624,Yongsan,64
110735191,Yangcheon,64
110757369,Bucheon,64
110799896,Ulju,64
110816945,Yongsan,64
110850891,Seongbuk,64
110917119,Bucheon,64
110918126,Gangnam,64
110946151,Yongsan,64
110995611,Dongdaemun,64
111102593,Gwangjin,64
111141352,Yeongdeungpo,64
111155581,Bucheon,64
111186541,Songpa,64
111284971,Paju,64
111332928,Gangnam,64
111333803,Seongnam,64
111352552,Gangdong,64
111366951,Junggu,64
111381097,Taean,64
111461601,Gangnam,64
111496681,Gangnam,64
111506108,Yangcheon,64
111531913,Yongsan,64
111581021,Gangnam,64
111588167,Bucheon,64
111594111,Goyang,64
111600254,Gwangjin,64
111658308,Yongsan,64
111709775,Goyang,63
111729657,Bucheon,63
111761351,Nam-gu,63
111769072,Goyang,63
111816589,Yeonsu,63
111838024,Seongnam,63
111873588,Gimpo,63
111879479,Seocho,63
111970578,Yeongdeungpo,63
111972417,Gangnam,63
111978505,Hanam,63
112016923,Gangnam,63
112039339,Seongnam,63
112078217,Seongdong,63
112123373,Hanam,63
112166836,Gangnam,63
112215408,Songpa,63
112277648,Gangnam,63
112279571,Seongbuk,63
112281151,Songpa,63
112302251,Songpa,63
112344328,Gangnam,63
112382321,Seongnam,63
112402308,Yangcheon,63
112454201,Gangnam,63
112481203,Yongin,63
112502947,Gangnam,63
112521787,Junggu,63
112648682,Songpa,63
112679129,Yangcheon,63
112714972,Yangcheon,63
112716549,Seongdong,63
112719501,Nam-gu,63
112724978,Yongin,63
112728976,Junggu,63
112746952,Nam-gu,63
112803204,Seocho,62
112840771,Yangcheon,62
112875948,Gangseo,62
112919796,Seongnam,62
112941062,Seongnam,62
113017862,Yangcheon,62
113051491,Yangcheon,62
113136038,Gangnam,62
113153847,Seodaemun,62
113162092,Yangcheon,62
113194111,Seodaemun,62
113248071,Seongnam,62
113300081,Gangnam,62
113370431,Goyang,62
113374804,Yeongdeungpo,62
113449233,Nam-gu,62
113471205,Gangnam,62
113485553,Gangnam,62
113486821,Seongnam,62
113490318,Yangcheon,62
113572695,Gimpo,62
113587195,Gangnam,62
113612303,Mapo,62
113620639,Seo-gu,62
113668011,Gangnam,62
113741931,Dongdaemun,62
113795389,Bucheon,62
113971915,Gwangjin,61
113990051,Hanam,61
114028725,Seongnam,61
114089553,Yongsan,61
114098281,Songpa,61
114112703,Nowon,61
114277984,Gangnam,61
114329551,Gangnam,61
114371507,Jongno,61
114459552,Yeongdeungpo,61
114471516,Gangnam,61
114617946,Gwangjin,61
114648618,Suwon,61
114679584,Seocho,61
114709871,Jongno,61
114750366,Saha,61
114764281,Gangnam,61
114875325,Gangnam,61
114903428,Pyeongtaek,61
114904554,Junggu,61
114928711,Seo-gu,60
114941013,Nam-gu,60
115011634,Mapo,60
115021581,Songpa,60
115092764,Gangnam,60
115142488,Gangnam,60
115184905,Nam-gu,60
115246257,Yongsan,60
115249642,Busanjin,60
115257952,Gangnam,60
115306961,Gangnam,60
115308025,Bupyeong,60
115314035,Gangnam,60
115336455,Anyang,60
115355906,Bucheon,60
115376131,Yongsan,60
115410441,Yangcheon,60
115412283,Yangcheon,60
115434872,Seocho,60
115476181,Seongdong,60
115481077,Cheongju,60
115502782,Gangnam,60
115620691,Gangnam,60
115625482,Seocho,60
115638529,Gangnam,60
115738406,Bucheon,60
115748063,Yangcheon,60
115851101,Yangcheon,60
115856577,Seongnam,60
115870044,Seongnam,60
115874055,Yeonje,60
115980362,Gangnam,60
116006312,Ulju,60
116011371,Gangnam,60
116035903,Gangnam,60
116099241,Seongnam,59
116124925,Goyang,59
116128713,Bucheon,59
116131156,Gangnam,59
116136419,Yangcheon,59
116186931,Gangnam,59
116220598,Yangcheon,59
116316571,Yeongdeungpo,59
116352171,Seongbuk,59
116383497,Seongbuk,59
116504854,Gangnam,59
116507215,Gangnam,59
116545848,Gangnam,59
116568673,Yangcheon,59
116606392,Yongsan,59
116627541,Nam-gu,59
116658239,Yongin,59
116693946,Gangbuk,59
116714276,Gangnam,59
116715844,Seocho,59
116873951,Yangcheon,59
116874641,Junggu,59
117032149,Yangcheon,59
117059154,Gangnam,59
117081051,Dobong,59
117126871,Goyang,59
117185932,Gangnam,59
117198537,Suseong,59
117198838,Guri,59
117210784,Seongnam,59
117349251,Bucheon,58
117379442,Yeongdeungpo,58
117606779,Yeongdeungpo,58
117608111,Gangnam,58
117609221,Guro,58
117634055,Bucheon,58
117726475,Nam-gu,58
117786701,Goyang,58
117827708,Nowon,58
117866837,Seongdong,58
117925601,Goyang,58
117967223,Gwangjin,58
117967371,Seocho,58
118017358,Gwangjin,58
118039724,Gangnam,58
118082052,Gangnam,58
118100699,Gangnam,58
118208782,Yangcheon,58
118276528,Junggu,58
118448354,Bucheon,57
118562915,Seocho,57
118600701,Gangnam,57
118606711,Gangnam,57
118837306,Gangnam,57
118901287,Gangnam,57
118902749,Siheung,57
118914022,Seongnam,57
118966531,Yongsan,57
119074969,Yangcheon,57
119144511,Dongjak,57
119205745,Gangnam,57
119217724,Yongsan,57
119238836,Bucheon,57
119256788,Yeongdeungpo,57
119317614,Songpa,57
119344645,Junggu,57
119366959,Bucheon,57
119431116,Gangnam,57
119490205,Seongdong,57
119552917,Gangnam,57
119637251,Gangnam,56
119756632,Yeongdeungpo,56
119796606,Guro,56
119864061,Seongnam,56
119949975,Gangnam,56
120066909,Bucheon,56
120103755,Seongnam,56
120159615,Busanjin,56
120229879,Yangcheon,56
120232242,Gangnam,56
120279023,Gangnam,56
120470787,Siheung,56
120481878,Seo-gu,56
120499945,Nam-gu,56
120511729,Ulju,56
120521201,Yongin,56
120576975,Gimpo,56
120580384,Seongdong,56
120621395,Songpa,56
120769192,Seocho,56
120843151,Goyang,56
120929771,Bucheon,56
120980652,Bucheon,55
121034309,Bucheon,55
121074382,Gangnam,55
121210538,Gangdong,55
121212487,Goyang,55
121277796,Bucheon,55
121378245,Gangnam,55
121380821,Gangnam,55
121464721,Bucheon,55
121471763,Nam-gu,55
121486928,Goyang,55
121584392,Gangnam,55
121663913,Gangnam,55
121673724,Gangnam,55
121707841,Songpa,55
121746652,Goyang,55
121799694,Songpa,55
121906127,Yeongdeungpo,55
121943257,Gangnam,55
121950155,Goyang,55
122052731,Yongsan,55
122124088,Gangdong,55
122259541,Bucheon,55
122314856,Gangseo,55
122346901,Seongnam,55
122406481,Gangnam,54
122512847,Gangnam,54
122526931,Seongnam,54
122578797,Seongdong,54
122588028,Siheung,54
122780247,Yongsan,54
122893556,Yangcheon,54
122942576,Gangnam,54
122948768,Seongnam,54
122961977,Gangnam,54
122966716,Gangnam,54
123262201,Gangnam,54
123267663,Buk-gu,54
123293044,Nam-gu,54
123362613,Seocho,54
123368231,Seongnam,54
123456287,Seongdong,54
123490896,Yangcheon,54
123537155,Nam-gu,54
123545452,Songpa,54
123642994,Seongnam,54
123670296,Yangcheon,54
123755398,Yangcheon,54
123890497,Seo-gu,53
123906961,Gyeyang,53
123928513,Bucheon,53
124164871,Yongsan,53
124267331,Seongbuk,53
124352145,Gangdong,53
124377268,Bupyeong,53
124459548,Seongnam,53
124495134,Junggu,53
124495961,Songpa,53
124520431,Gangnam,53
124526611,Gangdong,53
124550017,Seongnam,53
124649091,Yangcheon,53
124688399,Yangcheon,53
124689757,Gangnam,53
124706941,Gangnam,53
124718491,Gangnam,53
124822229,Gangnam,53
124863723,Seongdong,53
124868165,Yongsan,53
124933201,Gangnam,53
124955751,Gangnam,53
125212627,Seocho,53
125234865,Seocho,53
125344187,Gangnam,53
125416841,Gangnam,52
125448731,Gangnam,52
125513332,Gangnam,52
125613984,Gangnam,52
125687796,Gangnam,52
125732541,Gwacheon,52
125734421,Gangnam,52
125741843,Seongnam,52
125908244,Bupyeong,52
125949043,Junggu,52
126009474,Yangcheon,52
126063521,Yongsan,52
126089569,Gangnam,52
126101838,Seocho,52
126155742,Songpa,52
126268579,Bucheon,52
126274184,Gangnam,52
126425892,Gangnam,52
126485356,Yangcheon,52
126643793,Seongnam,52
126901369,Seongdong,51
126973156,Gangbuk,51
127013426,Nowon,51
127053008,Dongdaemun,51
127204049,Gangnam,51
127344532,Gimpo,51
127369956,Songpa,51
127371823,Gangnam,51
127381844,Seocho,51
127406326,Seongnam,51
127431514,Yangcheon,51
127541297,Yangcheon,51
127658247,Gangnam,51
127664651,Seongnam,51
127719551,Gwangjin,51
127915686,Yangcheon,51
127942821,Gangnam,51
127994159,Seongnam,51
128039187,Gwangjin,51
128303377,Seongnam,50
128560761,Yangcheon,50
128566495,Yangcheon,50
128575546,Gangnam,50
128628458,Yangcheon,50
128651465,Seongnam,50
128666147,Seocho,50
128667007,Songpa,50
128682306,Gangnam,50
128693091,Guri,50
128858009,Yangcheon,50
128908183,Seongnam,50
128934677,Goyang,50
128952428,Paju,50
128988961,Gwangmyeong,50
129058572,Junggu,50
129084304,Gangnam,50
129136871,Seongnam,50
129173395,Junggu,50
129207636,Gangnam,50
129305358,Goyang,50
129384918,Seongbuk,50
129504133,Gangnam,50
129610018,Yangcheon,49
129713964,Yongsan,49
129856771,Yangcheon,49
130075021,Gangnam,49
130099108,Yongsan,49
130148773,Eunpyeong,49
130295717,Nam-gu,49
130481291,Chungju,49
130674093,Seongnam,49
130694683,Seongnam,49
130733535,Bucheon,49
130751628,Seongdong,48
130775902,Mapo,48
130852159,Yeongdeungpo,48
130886833,Gangnam,48
130922071,Gangseo,48
130963562,Seongnam,48
131060108,Seongbuk,48
131255779,Mapo,48
131263491,Gangnam,48
131348851,Seongnam,48
131438207,Junggu,48
131465225,Jinju,48
131590422,Yongin,48
131875646,Seongdong,47
131897711,Yangcheon,47
132229449,Mapo,47
132299839,Seocho,47
132314999,Seongnam,47
132428958,Nam-gu,47
132536017,Yongsan,47
132539731,Seongnam,47
132805736,Gangnam,46
132809158,Seongnam,46
132949931,Yeongdeungpo,46
133044874,Gangnam,46
133052357,Goyang,46
133088051,Goyang,46
133145381,Yangcheon,46
133754714,Seongnam,45
133945641,Gangnam,45
134027599,Gangnam,45
134141681,Hanam,44
134187886,Nowon,44
134380482,Yangcheon,44
134473041,Gangdong,44
134641575,Yongsan,43
135028638,Seocho,41
135153703,Gangnam,92
135299451,Gangnam,85
135533883,Gangnam,80
135653997,Gangnam,78
135796748,Goyang,76
135919465,Gangnam,75
136405125,Gangnam,70
136580711,Nam-gu,69
136604898,Songpa,69
136671849,Songpa,68
137030707,Junggu,66
137069429,Bucheon,66
137080877,Gangnam,66
137097216,Gangdong,66
137189351,Gangnam,65
137282894,Gangnam,65
137392699,Seongdong,64
137813648,Seongdong,62
138005306,Cheongju,61
138251953,Gangnam,59
138252541,Yongsan,59
138262609,Guri,59
138438684,Yangcheon,57
138546947,Seongbuk,57
138647584,Gangnam,56
138718024,Gangnam,55
138743266,Goyang,55
138790874,Suseong,55
139084406,Yeonsu,52
139094925,Seongdong,52
139271124,Junggu,49
139336896,Gangnam,47
139342458,Gangnam,46
139503033,Gangseo,41
142393695,Goyang,53
142411201,Goyang,58
142420802,Yongsan,56
143489268,Geumjeong,76
143513911,Gangnam,54
143631003,Seongdong,65
150279435,Bucheon,51
150306401,Gangnam,63
150374322,Yongsan,54
150395932,Gangdong,38
150396649,Yongsan,61
700002321,Songpa,63
700207671,Yongin,58
700213532,Gangnam,67
700252527,Gangnam,49
700347141,Gangnam,62
700360521,Seongnam,38
700487271,Eunpyeong,43
700539778,Sasang,77
700610365,Gwangmyeong,61
700615628,Seongnam,45
700641717,Yangcheon,42
700972535,Seongbuk,49
700984408,Gangseo,59
701000237,Yeongdeungpo,59
701015289,Bucheon,59
701086303,Gangnam,46
701173746,Songpa,41
701210809,Gangnam,57
701224321,Yangcheon,64
701305919,Gangnam,47
701339638,Mapo,52
701606637,Bucheon,56
701740731,Yeongdeungpo,44
701894705,Bucheon,55
702207988,Siheung,62
702294461,Yeongdeungpo,54
702442767,Seongnam,44
702533671,Gangnam,53
702677349,Yongin,59
702737672,Hanam,42
702781973,Gangnam,68
702816595,Seongdong,67
702935228,Goyang,42
702947915,Junggu,44
703161235,Gangnam,38
703279641,Yangcheon,48
703339357,Seongnam,50
703392709,Yangcheon,44
703430863,Yangcheon,40
703613072,Yongsan,64
703683801,Suwon,49
703711418,Gangnam,55
703854946,Yangcheon,61
703870109,Seongdong,78
704050581,Gangnam,51
704229196,Seocho,47
704353568,Gangnam,50
704378901,Seocho,44
704432766,Seocho,44
704543762,Gangnam,52
704682318,Bucheon,67
704721057,Gangnam,59
704821511,Bucheon,61
704896145,Gwangjin,64
704915786,Gangnam,45
704995764,Seongbuk,66
705151931,Eunpyeong,53
705325072,Bupyeong,55
705328101,Gangseo,50
705438131,Seongnam,48
705492391,Gangnam,50
705530996,Eunpyeong,54
705593663,Gangnam,41
705595271,Gangnam,60
705859185,Yeongdeungpo,61
706147785,Gangdong,64
706164572,Songpa,54
706195376,Gangnam,42
706400451,Yangcheon,45
706401863,Junggu,49
706417173,Mapo,53
706681781,Seongnam,45
706722491,Songpa,47
706812321,Seongdong,46
706973392,Seocho,66
707062401,Yangcheon,65
707147391,Gangnam,60
707279678,Songpa,43
707460201,Yongin,41
707495831,Seongnam,52
707540682,Seo-gu,54
707549523,Yangcheon,46
707862456,Paju,42
707879109,Gimpo,61
707934182,Gangseo,46
708005388,Seocho,60
708083642,Anyang,47
708087365,Anyang,67
708203251,Pohang,39
708297166,Gwangjin,42
708366707,Gwangjin,48
708425541,Bucheon,54
708462761,Yangju,42
708550434,Songpa,47
708885956,Gangseo,42
708947869,Gangnam,42
709015551,Gangbuk,41
709913454,Bucheon,56
709927157,Gangnam,52
709946911,Suseong,60
709988888,Gangnam,50
709990138,Gangnam,63
710046541,Yongsan,42
710627163,Gangnam,63
710689165,Goyang,44
710691907,Seongnam,58
710851911,Yongsan,43
710959729,Seongdong,45
711313196,Gangnam,67
711382945,Goyang,67
711521743,Seocho,53
711660251,Seongnam,40
711805085,Bucheon,49
711878479,Yangcheon,40
711950061,Gangnam,44
712056031,Gangnam,61
712085661,Gangdong,62
712208141,Songpa,49
712501583,Goyang,48
712569357,Seocho,47
712632396,Yangcheon,48
712704251,Yeongdeungpo,58
712809341,Yangcheon,44
713217296,Bucheon,59
713294017,Seo-gu,45
713294032,Pyeongchang,54
713318347,Gangnam,51
713388793,Goyang,45
713436189,Mapo,47
713808999,Goyang,61
714064056,Paju,52
714103174,Yangcheon,43
714113693,Seongnam,53
714305267,Hanam,44
714435261,Goyang,42
714497521,Songpa,45
714671501,Yangcheon,51
714679275,Seo-gu,51
714832168,Guro,61
714889587,Seocho,54
714903501,Guro,49
714903526,Goyang,44
714945044,Seongbuk,45
715151784,Yongin,50
715385829,Goyang,50
715437361,Gangnam,70
715497726,Gimpo,56
716006975,Namyangju,41
716051393,Seongnam,64
716295327,Seongbuk,50
716517401,Goyang,68
716611151,Goyang,50
716856146,Gimpo,57
716984817,Yangcheon,55
717097741,Goyang,64
717413913,Seongnam,48
717520413,Goyang,43
717557409,Suseong,63
717720081,Bupyeong,55
717798271,Suseong,64
717811647,Seodaemun,53
717860076,Suseong,50
717990129,Seongnam,38
718057592,Seongbuk,47
718547586,Gangnam,40
718550313,Yangcheon,50
718780275,Goyang,51
719341659,Seocho,51
719439643,Guro,64
720281813,Jongno,67
720441781,Goyang,42
720567938,Suseong,61
720785581,Haeundae,53
720952021,Dalseo,74
720953461,Gangnam,40
721273357,Gangnam,50
721291231,Junggu,43
721301055,Suseong,47
721386428,Dalseo,63
721730353,Bucheon,58
721837182,Goyang,42
721913569,Dalseo,53
721985369,Seongbuk,64
722304896,Gangseo,42
722379411,Suseong,50
722490696,Seo-gu,56
722529184,Dong-gu,42
722539361,Gangnam,48
722586309,Suseong,65
722614533,Suseong,57
722622571,Suseong,67
722655897,Suseong,54
722672881,Dalseo,49
722711382,Suseong,66
722717232,Suseong,76
722824804,Junggu,68
722909605,Nam-gu,67
722970355,Guro,40
723099316,Pohang,50
723115806,Gwangju,36
723144717,Paju,51
723186301,Dalseong,65
723269671,Gangnam,45
723305391,Bucheon,38
723442732,Buk-gu,77
723461321,Yangcheon,61
723494059,Seocho,39
723612923,Yangcheon,37
723751291,Yangcheon,39
723855295,Suseong,62
724002403,Songpa,48
724095209,Cheongju,61
724907881,Dalseo,56
724991277,Nowon,43
725079818,Seongdong,56
725518117,Seongnam,45
725554108,Guro,52
725648271,Goyang,40
725670267,Yangcheon,53
726073471,Nam-gu,37
726346407,Gangnam,61
726377411,Gangnam,44
726873221,Cheongju,57
726890123,Cheongju,59
727133081,Cheongju,53
727328168,Daedeok,36
727386644,Suseong,69
727512246,Nam-gu,55
727556291,Cheongju,60
727557201,Cheongju,69
727702091,Goyang,59
727724858,Gangnam,44
727889819,Seocho,39
727981007,Gangnam,47
728098989,Cheongju,54
728199981,Cheongju,46
728322638,Seongnam,39
728423745,Seongnam,50
728919015,Cheongju,53
728977755,Gangnam,35
729112533,Gangnam,62
729112953,Goyang,51
729253458,Seocho,53
729295223,Paju,44
729315304,Gimpo,41
729386727,Seongnam,43
729423993,Cheongju,64
729711158,Cheongju,37
729830921,Gwangju,43
729977213,Siheung,44
730365919,Goyang,58
730546551,Seongnam,62
730625894,Gimpo,55
730685358,Junggu,43
730706121,Gangnam,64
730816463,Gangnam,47
730910096,Suseong,49
731322529,Nam-gu,48
731446249,Paju,75
731496811,Seongnam,34
731513076,Goyang,36
731551655,Gangnam,52
731997424,Seongdong,53
732040923,Gangnam,52
732133198,Yangcheon,61
732163558,Gangnam,60
732244047,Seo-gu,58
732247878,Suseong,72
732276512,Nam-gu,52
732355407,Songpa,44
732518979,Suseong,45
732520075,Suseong,54
732554211,Yongsan,52
732642814,Yangcheon,69
732681915,Seocho,44
732699161,Seongnam,52
732702091,Junggu,45
732704636,Seocho,42
732827455,Gangnam,50
732885631,Gangnam,63
732896734,Seongbuk,40
732974217,Cheongju,41
733095043,Seocho,59
733176476,Gangnam,45
733201402,Gwangmyeong,48
733312935,Seongnam,45
733466091,Gumi,59
733511191,Goyang,44
733861931,Jecheon,54
734069603,Seongnam,59
734125534,Seongbuk,40
734208167,Cheongju,59
734217114,Goyang,43
734251084,Seongnam,62
734300286,Seongnam,45
734365281,Seongnam,58
734403351,Seongnam,41
734453465,Seongnam,54
734453569,Gangnam,37
734477765,Gangnam,71
734495137,Yongsan,64
734513234,Gangnam,40
734569869,Uiwang,44
734573241,Jungnang,42
734587111,Yongin,64
734587886,Cheongju,45
734671262,Goyang,33
734679821,Seongnam,53
734711015,Seongdong,56
734720295,Seongnam,59
734720451,Seongnam,56
734774444,Gangnam,67
734885269,Dalseo,61
734918891,Yeoju,69
734951979,Seongbuk,87
734967172,Seongdong,47
735725709,Gangnam,42
736343609,Eunpyeong,34
736653475,Gangseo,44
736672941,Hanam,31
737171219,Seocho,31
737259368,Seongnam,34
737694137,Yongin,50
738654509,Yeongdeungpo,45
738927171,Gwangju,43
739907411,Goyang,43
740230611,Seongbuk,55
740322229,Yeongdeungpo,40
740404853,Gangnam,52
740457921,Seongnam,47
740680461,Seongnam,55
740680654,Songpa,61
740709463,Gangnam,58
740716584,Chilgok,56
740785456,Siheung,48
740798217,Yeongdeungpo,64
740839401,Seongnam,37
740879784,Seongnam,55
740884696,Yangcheon,50
740894362,Seongnam,52
741015736,Seongnam,57
741031531,Seongnam,57
741144931,Yongin,59
741321773,Seongnam,56
741330601,Seongnam,47
741343341,Seongnam,41
741406888,Seongnam,44
741531349,Seongnam,69
741534082,Seongnam,60
741986621,Seongnam,72
742071701,Seongnam,58
742162235,Gangnam,62
742179806,Paju,51
742279531,Seongnam,59
742350064,Seongnam,58
742353945,Seongnam,55
742531781,Mapo,43
742572903,Buk-gu,44
742602206,Seongnam,33
742614057,Seongnam,57
742617925,Seongnam,55
742702977,Yongsan,38
742730357,Seongnam,47
742752398,Seongnam,54
742753022,Yongin,56
742779741,Seongnam,80
742797743,Seongnam,63
742802146,Seongnam,63
742828971,Seongnam,56
742833435,Seongnam,52
742837314,Seongnam,54
742872614,Goyang,33
742889587,Seongnam,42
742892866,Seongnam,56
742896931,Seongnam,46
742923741,Seongnam,54
742927293,Seongnam,53
742951186,Seongnam,40
742998437,Yongin,43
743015286,Seongnam,51
743052152,Seongnam,57
743062929,Seongnam,49
743083348,Seongnam,53
743163278,Seongnam,47
743182341,Gangnam,55
743200462,Seongnam,66
743223861,Seongnam,43
743284031,Seongnam,67
743285835,Seongnam,56
743407244,Seongnam,57
743443902,Seongnam,42
743451335,Seongnam,62
743473051,Seongnam,44
743536108,Seongnam,57
743553826,Buk-gu,41
743559931,Seongnam,42
743576376,Seongnam,52
743671041,Suwon,38
743688702,Seongnam,65
743691355,Goyang,50
743753409,Buk-gu,41
743760599,Seongbuk,61
743787498,Seongnam,59
743803884,Gwacheon,64
743916589,Songpa,42
743955391,Seongnam,65
743967071,Seongnam,72
744082864,Seongnam,66
744110534,Seongnam,60
744179252,Goyang,53
744292286,Seongnam,51
744571145,Mapo,50
744646345,Yangcheon,41
744647703,Gwangmyeong,83
744872935,Gangnam,36
744943366,Bucheon,51
745049482,Seongnam,51
745058966,Gangseo,39
745106471,Songpa,48
745118001,Seosan,59
745155404,Seongnam,55
745166705,Seongnam,55
745186487,Gangnam,51
745203066,Gwangmyeong,66
745205041,Yangcheon,42
745230987,Gwangju,53
745285554,Seongnam,37
745336561,Goyang,43
745430832,Geumjeong,74
745726941,Seocho,69
745862454,Bupyeong,37
746047885,Yongsan,40
746075603,Seongbuk,45
746128621,Yongin,64
746277189,Seongnam,64
746295739,Seongnam,48
746441106,Gangnam,46
746462484,Guri,54
746494423,Seongnam,39
746515593,Yongin,42
746562803,Gangnam,68
747269073,Gangnam,53
747368471,Gangnam,72
747589502,Seongnam,38
747753481,Cheongju,39
747931768,Bucheon,43
748022441,Jungnang,44
748250018,Yangcheon,72
748263181,Nowon,49
748549902,Seongnam,47
748584444,Seongnam,57
748772806,Suwon,39
749178213,Yongin,55
749255059,Yongsan,45
749371781,Seongnam,55
749429001,Cheongju,45
749514889,Yeongdeungpo,42
749547851,Seongdong,48
749600071,Yeongdeungpo,40
749753196,Seocho,55
750030826,Seongnam,66
750203187,Seongnam,63
750233971,Hwaseong,59
750621836,Paju,51
750635501,Songpa,46
750679489,Dongdaemun,51
750694331,Seongnam,38
751021612,Cheongju,39
751344882,Suwon,28
751355356,Seongnam,52
751638061,Anyang,45
751641941,Seongnam,44
751676783,Goyang,34
751738931,Yongsan,44
751799891,Siheung,44
751824883,Seo-gu,42
751867941,Goyang,43
751953236,Seongnam,57
752041677,Seongnam,53
752168651,Seocho,43
752473051,Bucheon,42
752536782,Yangcheon,46
752747469,Yeongdeungpo,31
752849962,Gangnam,62
753210005,Hwaseong,53
753221091,Uiwang,39
753339947,Yangcheon,41
754448954,Gwangju,47
754556474,Yongin,59
754889696,Seodaemun,50
755299857,Jongno,58
755364475,Gangnam,51
755462498,Seongnam,45
755779598,Yeongdeungpo,49
755779951,Yeongdeungpo,44
755896262,Yongin,51
755928649,Goyang,48
756165565,Seocho,47
756190359,Gyeyang,58
756373222,Seocho,39
756464271,Goyang,59
756533383,Buk-gu,36
756693601,Songpa,48
757322391,Seongnam,54
757426902,Paju,45
757487221,Seongnam,40
757715695,Yongsan,41
757722418,Yangcheon,53
757733838,Gwacheon,52
757782151,Hwaseong,46
757839857,Seongnam,60
757883803,Gwangju,56
757939433,Gangnam,37
757960859,Gangnam,65
757968632,Gwangjin,35
758011778,Dobong,31
758081055,Goyang,47
758592919,Seongdong,42
758765201,Yongsan,41
758784499,Yongsan,48
758850801,Gangseo,51
758870147,Buk-gu,65
758871401,Buk-gu,62
758984002,Goyang,48
759048009,Gumi,61
759242073,Seongnam,47
759821392,Gangnam,63
759916961,Paju,27
759936958,Seongnam,48
759963963,Gangnam,44
760006879,Seongnam,60
760174229,Seongnam,44
760259861,Junggu,43
760449566,Gangnam,46
760498911,Seongnam,53
760576223,Buyeo,49
760630469,Junggu,43
760985505,Yongsan,37
761073212,Yongin,27
761214681,Seongnam,48
761223575,Goyang,38
761340343,Dalseong,43
761414251,Seongbuk,33
761436718,Gangnam,45
761447671,Seongnam,44
761478957,Gangnam,41
761494317,Gangnam,50
761631382,Seongnam,55
761693751,Bucheon,53
761750162,Junggu,55
762152762,Gangdong,38
762204901,Seongnam,39
762230113,Yuseong,43
762269099,Yongin,61
762562722,Gangseo,45
762697641,Seongbuk,54
762866444,Seongnam,43
762905183,Yangcheon,58
763017617,Yangcheon,56
763142448,Goyang,42
763181761,Gangnam,27
763362909,Songpa,38
763507171,Cheongju,40
763721362,Goyang,53
763777761,Seongdong,61
763865685,Gangnam,66
763991861,Dongdaemun,42
763992071,Yeonsu,50
764092211,Hanam,55
764132861,Yeongdeungpo,52
764206699,Osan,38
764320134,Yeongdeungpo,46
764408907,Gangseo,65
764450739,Nam-gu,64
764459363,Seocho,33
764462211,Mapo,36
764524646,Geumcheon,46
764564061,Goyang,55
764610194,Goyang,47
764651905,Daedeok,45
764682191,Cheongju,55
764840165,Seongnam,26
764852235,Seongnam,42
764931371,Uijeongbu,44
764997879,Seongnam,42
765020433,Dongdaemun,54
765263836,Seongnam,55
765324506,Suseong,35
765325621,Mapo,54
765366011,Seongnam,42
765610583,Yongsan,38
765646336,Seongnam,35
765667303,Jongno,54
765931772,Seongbuk,43
765965918,Gwangju,47
766066221,Yangcheon,46
766078475,Goyang,49
766086246,Yeongdeungpo,46
766269057,Yongsan,42
766443612,Mapo,42
766465625,Goyang,48
766641241,Gwangju,44
767104444,Yangcheon,37
767146458,Dongdaemun,72
767197917,Bucheon,40
767213909,Seo-gu,41
767217569,Yeongdeungpo,60
767356731,Yeongdeungpo,58
767463441,Gangnam,65
767526231,Seongdong,38
767547144,Uiwang,38
767713196,Seongnam,39
767811651,Seongnam,59
767863579,Gimpo,43
767884232,Gangseo,43
767898487,Gangseo,49
768125224,Seocho,50
768132332,Geumcheon,51
768458631,Ansan,46
768668338,Mapo,51
768702391,Seodaemun,40
768710071,Geumcheon,38
768790061,Mapo,50
768976857,Gangnam,58
769070981,Jungnang,44
769220372,Bucheon,43
769414311,Seongnam,69
769537968,Seo-gu,47
769597776,Gangseo,43
769618325,Siheung,48
769664939,Guro,34
769677101,Dobong,40
769753831,Osan,42
769932789,Goyang,40
770156711,Namyangju,45
770352559,Gangseo,29
770395708,Chungju,44
770902941,Seongbuk,42
770912871,Yongin,56
771182291,Yangcheon,34
771299986,Hwaseong,44
771445892,Jongno,28
100004913,Gangnam,69
100100021,Gangnam,96
100438679,Jongno,88
100485541,Songpa,88
100637439,Yongsan,86
100677772,Seocho,86
100682602,Nam-gu,86
100715476,Seongnam,86
100744271,Gangnam,85
100813718,Gangnam,85
100929197,Dong-gu,84
100960207,Gangnam,84
101005893,Songpa,84
101070466,Gangnam,83
101096111,Yangcheon,83
101111271,Seocho,83
101167848,Seocho,83
101215534,Gangnam,82
101284841,Seongbuk,82
101383691,Seocho,82
101515311,Gangnam,81
101547162,Seocho,81
101676841,Gangnam,80
101781564,Gangnam,80
101824171,Seocho,80
101977606,Songpa,79
102054041,Seongdong,79
102112767,Mapo,79
102119139,Gangnam,79
102152051,Gwangjin,78
102222769,Junggu,78
102284667,Gangnam,78
102401989,Gangnam,78
102470324,Yangcheon,77
102521826,Seocho,77
102528492,Yangcheon,77
102541711,Seocho,77
102578841,Gangnam,77
102647771,Seongnam,77
102658006,Gangdong,77
102741046,Yeongdo,77
102870605,Gangnam,76
102872316,Yongsan,76
102893205,Gangdong,76
102916857,Gangnam,76
103059809,Seongnam,76
103134921,Seongdong,76
103168611,Gangnam,76
103245996,Gangnam,75
103249875,Mapo,75
103265841,Seocho,75
103321454,Seocho,75
103424441,Gangnam,75
103458421,Songpa,75
103582441,Seongnam,75
103585631,Dong-gu,75
103657849,Yeongdeungpo,74
103699809,Yeoju,74
103721451,Seongdong,74
103890133,Jongno,74
103906181,Seocho,74
103988548,Seongnam,74
104006911,Junggu,74
104073998,Gangnam,73
104438113,Nam-gu,72
104507751,Gangnam,72
104546969,Gangnam,72
104548338,Gangnam,72
104568079,Seocho,72
104605144,Yongsan,72
104738363,Seongdong,72
104762598,Seo-gu,72
104834045,Gangnam,72
104914696,Yongsan,72
105008827,Gangnam,71
105033532,Gangnam,71
105071338,Seocho,71
105108721,Gangnam,71
105291097,Gangnam,71
105308776,Songpa,71
105338666,Gangnam,71
105363133,Gangnam,71
105465299,Seongnam,71
105470251,Gangnam,71
105560879,Yangcheon,70
105561516,Seongnam,70
105638063,Songpa,70
105711173,Yongsan,70
105727111,Gangnam,70
105738267,Gangnam,70
105760884,Yongin,70
105799355,Gangnam,70
105809744,Seocho,70
105815561,Gangnam,70
105820575,Gangnam,70
105835599,Yongsan,70
105873823,Gangnam,70
105877611,Yongsan,70
105899141,Yongsan,70
105920045,Yongsan,70
105923381,Seodaemun,70
105961812,Bupyeong,70
105974161,Yongsan,70
106000201,Yangcheon,70
106057883,Guri,70
106269094,Gangnam,69
106286063,Gangnam,69
106379419,Songpa,69
106394837,Seongnam,69
106410584,Gangnam,69
106443781,Gangnam,69
106504737,Yongsan,69
106526361,Seocho,69
106566438,Gangnam,69
106657067,Gangnam,69
106720325,Yongin,69
106736801,Gangnam,69
106780921,Busanjin,69
106862833,Gangnam,69
106866781,Gangnam,69
106880761,Yangcheon,69
106886821,Gangnam,69
106897821,Yangcheon,69
107019728,Gangnam,68
107049921,Gangnam,68
107084316,Guri,68
107172963,Yongin,68
107228145,Gangnam,68
107407023,Seongnam,68
107497051,Busanjin,68
107584004,Gangnam,68
107614043,Yongin,68
107630091,Yongin,68
107825351,Gangnam,67
107855397,Gangnam,67
107892417,Seongnam,67
108010934,Gangnam,67
108033694,Gangnam,67
108128789,Yangcheon,67
108165668,Nam-gu,67
108203181,Gwangjin,67
108296609,Seocho,67
108305025,Buk-gu,67
108366784,Gangnam,67
108366912,Gangnam,67
108389904,Seocho,67
108417841,Seocho,67
108463852,Gangnam,67
108471623,Yongsan,67
108478971,Gangnam,67
108512441,Gangnam,67
108554269,Gangnam,67
108612327,Gangnam,67
108642769,Gangnam,67
108739473,Seocho,66
108745953,Seongbuk,66
108871789,Songpa,66
108882541,Gangnam,66
108888403,Gangnam,66
109048282,Gangnam,66
109066544,Gangnam,66
109095217,Siheung,66
109179199,Bucheon,66
109186084,Gangnam,66
109189521,Seongdong,66
109196101,Yangpyeong,66
109214813,Gwangjin,66
109271405,Gangnam,66
109283046,Yongsan,66
109330421,Gangnam,66
109457893,Seocho,66
109460057,Gangnam,66
109478091,Seocho,66
109518221,Yongsan,66
109523265,Buk-gu,66
109603806,Seocho,65
109636609,Yangcheon,65
109648315,Gangnam,65
109715456,Gangnam,65
109742446,Yeongdeungpo,65
109831559,Gangnam,65
109834446,Seocho,65
109956891,Seocho,65
110052935,Gangnam,65
110075366,Ganghwa,65
110087856,Gwacheon,65
110090442,Yongsan,65
110099995,Gangnam,65
110112773,Bucheon,65
110163264,Seocho,65
110250008,Seongnam,65
110303355,Seongdong,65
110349079,Gangnam,65
110362429,Gangdong,65
110369421,Gangnam,65
110384143,Gangnam,65
110439054,Gangnam,65
110462243,Gangnam,65
110462767,Bucheon,65
110627341,Yangcheon,64
110637192,Songpa,64
110662196,Ulju,64
110685723,Gangnam,64
110699454,Gangnam,64
110749061,Seocho,64
110781173,Yeonsu,64
110782481,Songpa,64
110821543,Seongdong,64
110856464,Songpa,64
110872664,Yangcheon,64
110904991,Seongnam,64
110910879,Gangnam,64
110939632,Gwangjin,64
110954931,Gangdong,64
110956198,Gangnam,64
110969761,Gangnam,64
110986965,Yangcheon,64
111030328,Seongnam,64
111041001,Yeonsu,64
111073364,Gangnam,64
111144986,Seocho,64
111261899,Gangnam,64
111270471,Jongno,64
111311948,Yangcheon,64
111381595,Gangnam,64
111388935,Yangcheon,64
111540773,Seongdong,64
111597807,Nam-gu,64
111606841,Yangcheon,64
111667341,Gangnam,63
111700041,Seocho,63
111718191,Gangnam,63
111834825,Seongnam,63
111866755,Seongdong,63
111867327,Gangnam,63
111910939,Gangnam,63
111947558,Songpa,63
111995346,Gangnam,63
112001364,Seongnam,63
112010731,Anyang,63
112118656,Mapo,63
112178501,Nam-gu,63
112255256,Yangcheon,63
112273258,Seocho,63
112375991,Gwangjin,63
112436538,Nam-gu,63
112437911,Seongnam,63
112442901,Nam-gu,63
112462053,Gangnam,63
112498072,Gwangju,63
112542284,Gangseo,63
112547666,Seocho,63
112596684,Seongnam,63
112658227,Gangnam,63
112763618,Gangnam,62
112783271,Yongsan,62
113022811,Seocho,62
113027645,Songpa,62
113044746,Nam-gu,62
113132999,Gangnam,62
113179531,Gangnam,62
113239893,Seocho,62
113247664,Gangnam,62
113310597,Gangnam,62
113330951,Goyang,62
113351355,Gangnam,62
113474174,Yongsan,62
113477648,Gangnam,62
113552131,Gangnam,62
113614083,Seongdong,62
113627433,Gangnam,62
113707783,Gwangju,62
113726918,Gangnam,62
113731861,Gangnam,62
113746621,Wonju,62
113812479,Yongsan,62
113861036,Yongin,61
113908464,Yeonsu,61
113951758,Yongsan,61
114040251,Gangnam,61
114082902,Yongsan,61
114149573,Dong-gu,61
114190814,Yangcheon,61
114271238,Gangnam,61
114314157,Gangnam,61
114384311,Seongnam,61
114389565,Gangnam,61
114399692,Yeongdeungpo,61
114433974,Gwangju,61
114535011,Seodaemun,61
114536435,Seo-gu,61
114565227,Seocho,61
114584459,Gangnam,61
114598597,Gangnam,61
114600141,Eumseong,61
114623971,Gangnam,61
114692451,Gangnam,61
114730851,Seocho,61
114780334,Yongsan,61
114852108,Seocho,61
114906631,Yongin,61
114997494,Eunpyeong,60
115045732,Songpa,60
115112585,Seocho,60
115138921,Songpa,60
115264337,Yongin,60
115326068,Seongnam,60
115335749,Gangnam,60
115423515,Yongsan,60
115483351,Gangnam,60
115536759,Mapo,60
115611567,Gangnam,60
115652169,Yangcheon,60
115729628,Gangnam,60
115739307,Gangnam,60
115780987,Jongno,60
115804408,Gangnam,60
115859304,Yongin,60
115875558,Gangnam,60
115914074,Dobong,60
115927387,Nam-gu,60
115959837,Seongdong,60
116038647,Gangnam,60
116048592,Seongnam,60
116063625,Nam-gu,59
116064961,Seongbuk,59
116158631,Goyang,59
116178201,Yongin,59
116180501,Gangnam,59
116202016,Seongdong,59
116226501,Seongdong,59
116263511,Seocho,59
116269114,Songpa,59
116366825,Gangnam,59
116480223,Yongsan,59
116505138,Mapo,59
116531271,Bucheon,59
116603061,Gangnam,59
116709364,Yongsan,59
116764171,Gangnam,59
116807017,Gangnam,59
116864802,Yongsan,59
116882676,Nam-gu,59
117051578,Seocho,59
117199845,Yongsan,59
117233958,Seocho,58
117264513,Nam-gu,58
117281837,Seongnam,58
117321765,Gangnam,58
117433502,Gangnam,58
117499907,Gangnam,58
117545739,Dong-gu,58
117575501,Seongdong,58
117667105,Dalseo,58
117756601,Yeongdeungpo,58
117756785,Gwangmyeong,58
117804982,Yongsan,58
117812283,Suwon,58
117823441,Songpa,58
117976068,Yongsan,58
118001812,Gangnam,58
118018757,Gangnam,58
118152955,Mapo,58
118189232,Seongnam,58
118200169,Gangnam,58
118379935,Yongsan,57
118390794,Yeongdeungpo,57
118391156,Geumjeong,57
118491832,Songpa,57
118603638,Seongdong,57
118604946,Bucheon,57
118687631,Gangbuk,57
118703004,Junggu,57
118860696,Ulju,57
118877652,Eunpyeong,57
118882592,Gwangjin,57
118997662,Guri,57
119002792,Gangnam,57
119114906,Nam-gu,57
119181274,Bucheon,57
119296331,Songpa,57
119303701,Yongsan,57
119306079,Seongdong,57
119358439,Seongdong,57
119391272,Gangnam,57
119484903,Seongdong,57
119530371,Songpa,57
119577074,Songpa,57
119599908,Seongnam,57
119654381,Gangnam,56
119717181,Seongbuk,56
119729841,Yongsan,56
119796781,Goyang,56
119804329,Gangnam,56
119839854,Seongdong,56
119887523,Gangnam,56
119944251,Songpa,56
120030604,Gangnam,56
120097442,Seocho,56
120143341,Seocho,56
120154142,Songpa,56
120303081,Mapo,56
120307011,Gangnam,56
120322412,Gangnam,56
120331285,Seongnam,56
120607978,Gangnam,56
120618391,Seongdong,56
120687809,Gangnam,56
120783547,Gangnam,56
120789228,Gangnam,56
121000831,Yongin,55
121113626,Yeongdeungpo,55
121153838,Seocho,55
121203878,Geochang,55
121520755,Yongin,55
121588181,Gangnam,55
121606717,Gangnam,55
121677118,Gangnam,55
121684793,Yangsan,55
121689586,Eunpyeong,55
121714174,Gangnam,55
121735392,Seongnam,55
121740536,Songpa,55
121791224,Gangnam,55
121797093,Yangcheon,55
121806174,Gangnam,55
121814588,Gangnam,55
121933405,Yongsan,55
122024984,Gangnam,55
122036021,Seocho,55
122044173,Bucheon,55
122082542,Seodaemun,55
122170124,Yongsan,55
122173366,Bucheon,55
122431533,Gangnam,54
122582021,Gangnam,54
122637258,Gangnam,54
122693826,Gangnam,54
122735086,Gangdong,54
122817511,Seocho,54
122826161,Gangnam,54
122829176,Gangnam,54
122894037,Bucheon,54
122931115,Seongnam,54
123155619,Gwangjin,54
123181188,Namyangju,54
123246103,Gangnam,54
123332645,Jungnang,54
123358001,Seongnam,54
123419718,Gangnam,54
123434679,Gangnam,54
123485733,Seocho,54
123493909,Songpa,54
123557234,Gangnam,54
123566733,Gangnam,54
123649115,Gangnam,54
123671589,Seongnam,54
123675299,Goyang,54
123683085,Suseong,54
123732694,Gangnam,54
123773032,Gangnam,54
123824798,Gangnam,54
123872335,Gangnam,54
124111096,Seongnam,53
124111566,Gwangmyeong,53
124122958,Seongdong,53
124152575,Gangnam,53
124165336,Yangcheon,53
124358183,Gangnam,53
124648722,Seocho,53
124709537,Yongsan,53
124777984,Gangnam,53
124780135,Yongsan,53
124814865,Seongdong,53
124858211,Dongjak,53
124957566,Gangnam,53
125136842,Gangnam,53
125208672,Seocho,53
125223248,Nam-gu,53
125302602,Yongin,53
125346082,Yangcheon,53
125496766,Gangnam,52
125759351,Seongnam,52
125809597,Yongsan,52
125877906,Gangnam,52
125919019,Seongnam,52
126046461,Gangnam,52
126070666,Gangnam,52
126079221,Gangnam,52
126120681,Gangnam,52
126152723,Gangnam,52
126193823,Seocho,52
126362145,Seongnam,52
126386486,Gangnam,52
126423371,Gwangjin,52
126570461,Seocho,52
126629404,Gangnam,52
126718153,Seongnam,52
126858515,Yongsan,52
126929037,Seongdong,51
126937481,Seongbuk,51
126958396,Yongsan,51
126958578,Yongsan,51
127036461,Gangnam,51
127157175,Seongnam,51
127265804,Junggu,51
127397182,Gangnam,51
127496786,Gangnam,51
127636312,Gangnam,51
127650212,Dongjak,51
127660971,Yangcheon,51
127672043,Seocho,51
127691221,Gwangjin,51
127741601,Gangnam,51
127798938,Seocho,51
127830437,Yangcheon,51
127845617,Gangnam,51
127862421,Bucheon,51
127935542,Gangdong,51
127990815,Seongnam,51
128010837,Seongnam,51
128104288,Gangnam,51
128105148,Gangnam,51
128379959,Guri,50
128477928,Gangnam,50
128487689,Bucheon,50
128604418,Gangnam,50
128654393,Songpa,50
128721305,Yongin,50
128727826,Mapo,50
128762474,Gangnam,50
128773223,Gangnam,50
128827601,Gangnam,50
128887537,Gangnam,50
129002249,Gangnam,50
129264949,Gangnam,50
129307303,Songpa,50
129586149,Gangnam,50
129586991,Bucheon,50
129605162,Nam-gu,49
129690745,Gangnam,49
129714601,Hanam,49
129770725,Junggu,49
129787538,Songpa,49
129852221,Gangnam,49
129941635,Mapo,49
129966761,Seongnam,49
129990309,Seocho,49
129991632,Yeongdeungpo,49
130006789,Yangcheon,49
130040006,Nam-gu,49
130059489,Gangnam,49
130075804,Seongnam,49
130143833,Gwanak,49
130156178,Goyang,49
130168103,Gangnam,49
130213047,Gangnam,49
130228437,Gangnam,49
130277819,Gangnam,49
130400902,Nam-gu,49
130479931,Gangnam,49
130576031,Nam-gu,49
130631962,Gangnam,49
130662991,Seongdong,49
130691911,Gangnam,49
130782871,Hwaseong,48
130856733,Gangnam,48
131057145,Dongdaemun,48
131167266,Gangnam,48
131233136,Gangnam,48
131329831,Seocho,48
131364776,Bucheon,48
131425511,Yongin,48
131583145,Gangnam,48
131595795,Songpa,48
131597571,Yeonsu,48
131616905,Yongsan,48
131719658,Gimpo,48
131725499,Yongin,48
131789421,Gangnam,47
131906311,Gangnam,47
131984615,Songpa,47
131992048,Goyang,47
132021181,Goyang,47
132032478,Yangcheon,47
132042499,Seocho,47
132047491,Songpa,47
132224158,Seocho,47
132231069,Songpa,47
132280977,Seogwipo,47
132337714,Gangnam,47
132388551,Yongsan,47
132505241,Seongnam,47
132590746,Yeonsu,47
132607353,Gangnam,47
132821401,Gangnam,46
132828351,Gangnam,46
132952071,Seocho,46
132991012,Gunpo,46
133069291,Yeongdeungpo,46
133102566,Seocho,46
133472671,Yeonsu,45
133843959,Songpa,45
133850515,Gangnam,45
133931691,Gangnam,45
134007141,Gangnam,45
134119051,Goyang,44
134203852,Gangnam,44
134269971,Gangnam,44
134417257,Songpa,44
134450558,Seongnam,44
134601021,Mapo,43
134696891,Yongsan,43
134735505,Gimpo,43
134761391,Seongnam,43
134810733,Gangnam,42
135103117,Seocho,39
135354531,Yongsan,84
135390143,Yongsan,83
135566896,Gangnam,80
135858297,Gwangjin,76
135963989,Gangnam,75
136235157,Seodaemun,72
136251121,Seongnam,72
136252431,Gangnam,72
136291816,Gwangjin,71
136355925,Seocho,71
136470451,Seongnam,70
136516398,Seongdong,69
136675591,Gangnam,68
136762231,Gangnam,68
137454088,Buk-gu,64
137458271,Gangnam,64
137471481,Suseong,64
137544925,Seongdong,63
137591916,Yeongdeungpo,63
137634761,Seongnam,63
137659055,Gangnam,63
137671307,Suseong,63
137755222,Seongnam,62
137757704,Gangnam,62
137815922,Seocho,62
137867396,Gwangjin,61
137902406,Gangnam,61
138035921,Gangdong,60
138038271,Seongnam,60
138086107,Jongno,60
138130911,Songpa,60
138464169,Seongdong,57
138517748,Gwangjin,57
138539867,Yangcheon,57
138659654,Yongsan,56
138726124,Pohang,55
138829297,Suseong,54
138861866,Suseong,54
139109139,Seongnam,52
139140889,Gangnam,51
139263234,Seongdong,49
139300171,Seocho,48
139316451,Seongdong,48
139362132,Hanam,45
139381505,Gangnam,44
139382603,Buk-gu,44
139387201,Gangnam,44
139397371,Gangnam,43
139406673,Gangnam,41
139445291,Yongsan,52
139453681,Gangnam,50
139454961,Seongnam,49
139492029,Gwangjin,41
140398051,Goyang,69
142333573,Gangnam,45
143661172,Seongnam,63
143942686,Yangcheon,50
144031781,Gangnam,48
144457034,Gangnam,41
144489657,Junggu,41
144542242,Gangnam,39
150007801,Dong-gu,41
150071633,Gangnam,52
150071856,Gangnam,51
150129892,Uiwang,59
150195758,Namyangju,44
700026279,Gangnam,46
700048711,Seocho,47
700138856,Seogwipo,46
700368814,Gangnam,39
700532083,Gangnam,63
700710803,Gangnam,41
700768233,Seocho,51
700836037,Dalseong,62
700947739,Cheongju,40
701010518,Songpa,69
701120052,Seocho,45
701588711,Hanam,48
701605621,Gwangju,60
701641413,Seongnam,44
701665964,Suseong,60
701719961,Seongbuk,43
701807675,Gangnam,50
702043481,Gangnam,42
702078111,Gangnam,68
702095998,Seogwipo,43
702141917,Seocho,43
702208064,Yangcheon,42
702313891,Seodaemun,42
702507331,Gangnam,48
702993721,Bupyeong,56
703032462,Gangnam,43
703154352,Gangnam,63
703157553,Yongin,55
703360337,Yongin,53
703402511,Gangseo,46
703430341,Dalseo,59
703515993,Yongsan,55
703534513,Seongdong,39
703705778,Gangnam,48
703976128,Nam-gu,36
704038482,Seocho,65
704129118,Seongnam,46
704259192,Yongsan,42
704302871,Yongin,45
704372144,Bucheon,53
704735624,Namyangju,56
704843161,Seongnam,47
704859582,Gangseo,44
704898382,Gangnam,72
704916618,Seongnam,52
705074609,Seongnam,43
705337681,Mapo,43
705357971,Gangnam,45
705630347,Suseong,56
705689003,Seongnam,49
705698086,Seocho,54
705836951,Seocho,54
706418021,Seocho,54
706444661,Gangnam,48
706529661,Gangnam,50
706547737,Gangnam,41
706663411,Junggu,56
706683555,Hanam,46
706774065,Gangdong,44
706897012,Suseong,65
707012276,Junggu,48
707028946,Seongnam,41
707137235,Gangnam,48
707340231,Yongsan,49
707414989,Cheongju,39
707429121,Gangnam,43
707446301,Seongdong,50
707510106,Seocho,46
707585962,Gangnam,53
707615265,Gangnam,44
707656196,Gangnam,59
707935961,Gangnam,40
708051803,Goyang,51
708062177,Gimpo,48
708146142,Seongnam,66
708195801,Seodaemun,43
708203052,Gangnam,47
708473761,Yeongdeungpo,55
708533675,Yongin,45
708832732,Yongin,49
708915744,Gapyeong,43
708947408,Gangnam,52
709086509,Gangnam,40
709102964,Seongnam,59
709225021,Gwangmyeong,52
709225062,Siheung,58
709326561,Yongsan,51
709362866,Gangnam,45
709399563,Gangnam,57
709527753,Goryeong,45
709674543,Gwacheon,41
709739343,Songpa,53
709892341,Yongsan,62
710061417,Yangcheon,45
710169554,Gwangmyeong,69
710171826,Yongsan,55
710204621,Yongsan,45
710206084,Gangseo,52
710211228,Yeonsu,41
710262769,Dangjin,59
710300581,Gangnam,39
710363744,Nam-gu,49
710526959,Yangcheon,56
710629212,Gimpo,57
710894656,Seogwipo,50
711056346,Dongjak,51
711230511,Goyang,51
711291125,Gangnam,51
711344037,Hwaseong,58
711381351,Gangseo,48
711717932,Seongnam,56
711734799,Hanam,52
711738979,Seongnam,54
711751821,Gangnam,42
711769681,Gangnam,50
711892667,Seocho,44
711989541,Songpa,48
712010121,Goyang,45
712263141,Yangcheon,48
712321187,Yongsan,54
712434505,Gangnam,52
712668816,Seongnam,55
712744419,Seongnam,58
712771004,Seongnam,47
712796274,Gangnam,46
712919433,Seo-gu,40
712980761,Gimpo,65
713115996,Seongdong,43
713248351,Gangnam,54
713408965,Goyang,62
713416526,Yangcheon,55
713476572,Gangnam,51
713481731,Songpa,41
713580367,Gimpo,40
713613014,Seocho,42
713627964,Suseong,63
713707314,Goyang,55
714261014,Seongdong,62
714357066,Jeonju,64
714438248,Seongnam,47
714995751,Mapo,49
715172764,Goyang,53
715300591,Gangnam,48
715327747,Gangnam,51
715434219,Yangcheon,51
715453388,Gangnam,41
715594891,Seongnam,39
715595513,Goyang,49
715840328,Mapo,47
716007638,Changwon,65
716008398,Goyang,45
716190685,Suseong,64
716445771,Gangnam,40
716480754,Buk-gu,48
716599761,Dalseo,61
716600543,Seongnam,48
716633597,Bucheon,70
716740151,Pyeongtaek,59
716901982,Dong-gu,72
717024097,Suseong,44
717055793,Yongsan,57
717260955,Gangnam,44
717341942,Yangcheon,41
717519191,Gimpo,43
717579803,Gyeongsan,66
717715731,Bucheon,39
717802527,Dalseo,49
718060111,Dong-gu,45
718085401,Seocho,60
718430043,Gangnam,42
718545518,Seocho,41
718582021,Songpa,51
718607929,Suwon,60
718874588,Gangnam,39
719108747,Seodaemun,58
719124921,Buk-gu,67
719142964,Gangseo,33
719243714,Suseong,74
719446673,Gangnam,55
719489023,Suseong,54
719560151,Suseong,58
719641071,Gangnam,52
719651092,Seongdong,57
719724826,Dalseo,56
719903901,Suseong,57
719994567,Suseong,56
720016709,Suseong,48
720075945,Suseong,66
720152843,Gangnam,42
720258561,Junggu,34
720523559,Hanam,39
720585353,Geumcheon,46
720796973,Andong,49
720851527,Gangnam,50
720926101,Pohang,54
721136547,Suseong,46
721250324,Gangnam,37
721283811,Gimpo,41
721379952,Gimpo,44
721654331,Gangnam,43
721701468,Seogwipo,36
721848769,Yeonsu,37
721917567,Nam-gu,75
721923549,Jinju,41
721923787,Nam-gu,62
721987132,Seocho,36
721993415,Nam-gu,49
722244443,Yongin,43
722411643,Suseong,76
722474299,Suseong,69
722490536,Gyeongsan,57
722501594,Mapo,41
722572741,Seongdong,45
722618544,Suseong,52
722625171,Suseong,45
722651284,Suseong,58
722699176,Seogwipo,53
722752545,Haeundae,62
722760595,Junggu,49
722858837,Suseong,46
722861386,Suseong,52
722896708,Dong-gu,75
722909674,Suseong,53
722931975,Gangseo,43
723007441,Bucheon,50
723093347,Suseong,56
723152503,Dalseo,77
723166431,Goyang,45
723198816,Suseong,59
723203836,Suseong,61
723330822,Gangnam,41
723346697,Yangcheon,84
723494557,Suseong,59
723584677,Dalseo,44
723644581,Gangnam,38
723880091,Gangnam,43
723961821,Seocho,47
724008298,Gangnam,44
724078271,Gwacheon,38
724259342,Gyeongju,56
724512019,Hanam,32
724857721,Gangnam,64
724875241,Cheongju,56
724954777,Junggu,34
724970691,Gangnam,42
724999311,Cheongju,47
725147624,Junggu,37
725247072,Seocho,72
725395378,Seocho,34
725528859,Seongdong,43
725713211,Seodaemun,55
725715473,Seongnam,46
725846063,Jungnang,63
725986046,Seongdong,54
726049167,Seongnam,41
726354291,Seongnam,51
726354601,Seongnam,39
726372944,Yongin,39
726470653,Jinju,64
726506831,Gangdong,71
726563736,Gangnam,43
726763771,Gangnam,40
726899622,Seongnam,40
726911105,Sokcho,56
727072262,Yangcheon,37
727173025,Gangnam,49
727225703,Suseong,57
727367111,Mapo,47
727438902,Bupyeong,48
727771381,Gunpo,62
727889496,Cheongju,46
727983311,Cheongju,60
727998935,Suwon,40
728039573,Cheongju,48
728129731,Goyang,39
728168948,Cheongju,55
728244068,Gangnam,38
728340458,Seongdong,39
728380278,Cheongju,52
728535511,Seongnam,42
728568642,Gangnam,80
728846849,Yongin,38
728936041,Yongin,46
728947367,Gangnam,49
728963842,Siheung,67
729009377,Gangnam,40
729022261,Seongnam,63
729058248,Gangnam,48
729159236,Seocho,39
729175345,Paju,54
729246291,Dalseo,69
729386651,Yeongdeungpo,47
729433854,Gangnam,64
729459157,Gangnam,44
729531041,Gangnam,33
729532016,Seongdong,42
729551791,Gangnam,43
729581611,Songpa,43
729822414,Bucheon,67
729969693,Seocho,53
730108384,Gwangmyeong,49
730186861,Seongnam,42
730245952,Gangnam,54
730405875,Gangnam,33
730513931,Seocho,65
730903696,Songpa,34
730986089,Gwacheon,46
731059502,Gangnam,43
731066088,Yongin,60
731113118,Bucheon,43
731120691,Yongsan,41
731165469,Dalseo,64
731176757,Seongdong,38
731332211,Bupyeong,40
731382913,Yongsan,60
731431279,Bucheon,42
731502731,Gangnam,58
731628538,Gangnam,63
731720579,Yongsan,31
731772131,Yongin,40
731847121,Seo-gu,62
731890833,Seongdong,43
731930499,Gangnam,37
731931948,Cheongju,61
731972208,Nam-gu,49
731980888,Gwangju,55
731983459,Gangnam,49
732011122,Gangnam,44
732072747,Seongnam,59
732126183,Gangnam,44
732163924,Bucheon,60
732319366,Seongnam,58
732340741,Gangnam,63
732440825,Mapo,33
732485782,Gangnam,42
732494181,Seongdong,65
732515568,Yeongdeungpo,44
732571261,Gangnam,42
732600488,Gangnam,42
732610311,Suseong,44
732628416,Dongjak,39
732703146,Gangnam,40
732710778,Seo-gu,42
732805336,Bucheon,62
732908414,Seongnam,59
732991411,Gangnam,46
733026507,Gangnam,34
733061679,Cheongju,40
733061744,Cheongju,43
733104832,Yongsan,42
733128531,Suseong,84
733247113,Gangnam,47
733259014,Gangnam,48
733340419,Seongnam,56
733377157,Gangnam,65
733498281,Songpa,38
733569937,Gangnam,36
733772571,Seongnam,43
733829267,Seongnam,52
733847388,Gangdong,68
733904285,Seongnam,34
733951881,Songpa,39
734034621,Gangnam,60
734082446,Namyangju,53
734146752,Gangnam,38
734173521,Seongnam,57
734219258,Bupyeong,44
734385828,Gangnam,57
734490266,Seongnam,50
734519651,Cheongju,65
734588395,Gangnam,61
734641002,Hanam,53
734760021,Yongin,63
734827813,Uijeongbu,46
734840199,Yongin,54
734892311,Seongnam,39
734911228,Gangnam,50
734927757,Seongnam,38
734933795,Seongnam,63
734986311,Seongnam,53
735031981,Yongsan,63
735075937,Seongbuk,54
735186489,Suseong,41
735193359,Gwangjin,53
735229382,Seongnam,41
735327349,Suseong,53
735346107,Gangseo,42
735346135,Buk-gu,39
735428744,Yongsan,39
735509114,Bucheon,40
735647847,Yongin,40
735647953,Gangnam,37
735997531,Bucheon,30
736231755,Seongdong,35
736353448,Cheongju,43
736757125,Bucheon,44
737208143,Bucheon,37
737276591,Seogwipo,39
737279895,Dongjak,40
737667147,Seongnam,50
737937899,Seocho,32
738378957,Gangdong,34
738445167,Gangnam,45
738459631,Gyeyang,44
738491861,Siheung,34
738670975,Yeongdeungpo,33
738799644,Bupyeong,35
739295654,Seongnam,46
739355226,Bucheon,35
739617313,Bucheon,35
739738854,Gwangju,40
739857214,Gwangmyeong,50
740223004,Songpa,35
740232821,Invalid,52
740241891,Gangnam,40
740244235,Seongnam,51
740442003,Seongnam,57
740539517,Seocho,39
740578449,Gwangjin,60
740683918,Hanam,44
740717704,Seongnam,58
740760584,Gangnam,35
740766265,Jongno,51
740780861,Seongnam,56
740863885,Seongnam,43
740960771,Gangnam,54
741011872,Hanam,43
741015974,Seongnam,50
741157144,Seongnam,59
741179614,Seongnam,45
741195736,Gangnam,44
741376823,Gangnam,64
741437971,Yeongdeungpo,73
741533504,Seongnam,44
741533545,Seongnam,42
741584287,Seongnam,44
741638269,Gangnam,57
741665729,Seongnam,61
741722931,Gangnam,47
741749594,Seongnam,59
741749629,Seongnam,59
741839491,Cheongju,48
741991832,Yongin,50
742075673,Yongin,52
742085456,Seongnam,62
742170909,Seongnam,59
742183297,Seongnam,54
742188469,Yongin,57
742197472,Seongnam,37
742201761,Seongnam,70
742212864,Hwaseong,53
742295664,Seongnam,63
742332441,Suwon,41
742381288,Seongnam,50
742492713,Yongin,39
742699761,Yangcheon,41
742702441,Yongin,45
742743763,Seongnam,66
742749461,Guro,65
742758601,Seongnam,50
742781004,Suwon,51
742795023,Gangnam,52
742823637,Seongnam,45
742831317,Seongnam,54
742857698,Yongsan,58
742870041,Seongnam,57
742874955,Seongnam,51
742892292,Seongnam,46
742901752,Suwon,47
742908651,Seongnam,64
742922996,Seongnam,52
742934358,Seongnam,53
742977024,Seongnam,52
742980604,Suwon,50
742984801,Yangcheon,51
742997984,Gangnam,45
743012633,Seongnam,59
743024798,Gunpo,53
743025069,Seongnam,61
743036905,Gangnam,56
743079835,Seongnam,62
743111005,Seo-gu,60
743124597,Yongin,57
743162901,Seo-gu,47
743198985,Yongin,66
743239219,Gangnam,42
743370101,Seongnam,39
743491562,Seongnam,55
743499675,Seongnam,44
743515851,Gangnam,42
743552273,Junggu,43
743571843,Seongnam,36
743674267,Seongnam,56
743679701,Yongsan,39
743787983,Anyang,49
743812584,Gangnam,50
743874467,Seongnam,61
743874681,Yangpyeong,56
743890671,Gangnam,42
743949338,Gangnam,46
743977439,Bucheon,63
743979178,Seongnam,51
743988677,Gangdong,44
744055112,Gunpo,37
744100463,Yongin,44
744119379,Gangnam,60
744145559,Hwaseong,41
744175869,Gwangju,42
744200613,Seongdong,38
744209774,Hanam,52
744265227,Gyeyang,48
744267373,Yeongdeungpo,60
744403949,Jeju,35
744447193,Yongin,68
744536566,Seongnam,58
744543975,Gangnam,41
744582916,Seongnam,50
744600045,Bupyeong,37
744644242,Gangnam,45
744676473,Seodaemun,61
744703465,Seongnam,38
744726431,Seongnam,45
744731854,Seongnam,51
744844101,Seongnam,41
744882601,Gangnam,44
744896361,Seongnam,47
744901863,Gwangju,49
744910892,Seongnam,65
744955778,Seongnam,63
744962074,Junggu,43
744981369,Gwangju,38
745182658,Seongnam,46
745231204,Seongnam,49
745253901,Gangnam,41
745327091,Hwaseong,50
745370054,Seongnam,45
745428257,Gangnam,53
745434828,Seongnam,60
745492862,Jungnang,62
745552421,Seongdong,34
745570975,Hwaseong,51
745584591,Gangnam,61
745629016,Hwaseong,60
745646251,Yangcheon,46
745750321,Seongnam,41
745788653,Gangnam,47
745847785,Yongsan,53
745858982,Seongnam,48
745878184,Seongnam,47
745882091,Gangnam,46
746189945,Seongnam,42
746212393,Gangdong,33
746314596,Seongnam,61
746323701,Yongin,51
746396088,Gangnam,51
746476328,Seongnam,52
746501007,Busanjin,62
746593321,Namdong,42
746679218,Yongsan,38
746716835,Gangnam,37
746743669,Wonju,61
746901489,Suwon,46
746938001,Seongnam,58
746947661,Gangnam,51
747023056,Anyang,55
747053626,Gangnam,36
747099469,Seongdong,45
747240582,Yongin,51
747313471,Gangnam,32
747316592,Seocho,47
747407297,Seocho,58
747415594,Yeonsu,46
747576804,Seongdong,40
747596153,Seongnam,38
747631431,Seongnam,57
747900701,Yongin,60
747929609,Yangcheon,45
748267661,Yangcheon,33
748285214,Gangnam,61
748337751,Yongin,55
748359896,Yeonsu,38
748381147,Seongnam,39
748438765,Gimpo,38
748488552,Gangnam,36
748713773,Anyang,61
748759772,Gangnam,38
748873484,Seocho,47
748931332,Seo-gu,37
749191238,Gangnam,46
749220978,Seongnam,42
749331567,Seongnam,51
749339955,Gangnam,57
749420429,Gangnam,32
749430136,Seongbuk,60
749448075,Goyang,50
749529805,Yeongdeungpo,51
749538771,Seongdong,35
749639456,Gangnam,45
749671975,Cheonan,59
749732069,Yeongdeungpo,49
749839461,Yongsan,40
749891401,Seongnam,49
750149569,Gangnam,61
750156231,Gangnam,46
750222995,Yongin,43
750285111,Seongnam,49
750287464,Gangnam,37
750340887,Seongnam,39
750382311,Gangnam,42
750397441,Namyangju,53
750661405,Songpa,29
750752439,Suseong,57
750777461,Seongnam,52
750956101,Suwon,45
751030009,Seongnam,35
751211964,Goyang,47
751302957,Gangnam,52
751334229,Seongnam,43
751427327,Gangnam,57
751487151,Seongnam,48
751508903,Gangseo,64
751624956,Donghae,47
751653867,Gangnam,38
751684571,Seongnam,36
751713586,Gangnam,29
751729877,Hwasun,62
751733126,Osan,47
751770544,Bupyeong,48
751777308,Seongnam,58
751813344,Gangnam,48
751962776,Seocho,39
752135908,Yongin,51
752184666,Yongsan,37
752193065,Gunpo,41
752443602,Seongnam,55
752457411,Goyang,47
752476509,Hwaseong,52
752575959,Gangnam,42
752749431,Bupyeong,44
752762006,Mapo,42
752994844,Seongnam,55
753196103,Gangnam,53
753258906,Seongdong,37
753533522,Suseong,56
753555078,Seongnam,54
753571751,Eunpyeong,44
753769572,Gangdong,38
754101351,Seocho,46
754165561,Yeonsu,41
754200431,Gangnam,64
754271367,Yeongdeungpo,41
754559701,Seongnam,75
754698352,Pyeongtaek,32
754699541,Gangnam,83
754717504,Gwangju,71
754744251,Namyangju,42
754765989,Junggu,40
754769303,Seongnam,30
754860168,Seongnam,37
754945911,Gangnam,49
755007317,Bucheon,40
755042069,Seongdong,49
755126413,Hwaseong,30
755141543,Chilgok,44
755145736,Seongnam,55
755318357,Gangnam,46
755337291,Songpa,53
755389795,Siheung,40
755441765,Yongin,72
755445014,Seongnam,37
755451301,Gangdong,51
755551466,Seongnam,55
755652179,Gangnam,41
755731286,Goyang,52
755749011,Yongsan,43
755871388,Cheonan,61
755878336,Yongin,36
755891701,Hwaseong,51
755994231,Gangseo,28
756078003,Namdong,40
756080554,Gangnam,47
756167928,Gangseo,44
756221007,Gangdong,43
756285851,Seongnam,61
756327879,Icheon,38
756462471,Michuhol,34
756506716,Gangnam,50
756771019,Gangnam,38
756832479,Yongsan,68
756935441,Suseong,43
756969301,Songpa,42
757069473,Gangnam,72
757102397,Seongnam,53
757103651,Yongin,32
757104331,Yongsan,61
757323733,Seongnam,46
757344362,Dongjak,41
757439811,Nam-gu,66
757454862,Buk-gu,48
757556777,Seongnam,54
757569789,Yongsan,42
757600515,Cheongju,34
757707422,Seogwipo,52
757733331,Seo-gu,49
757914496,Gangnam,42
757916439,Seongnam,55
757977031,Seongnam,36
758071348,Gangnam,41
758255454,Seongnam,41
758282498,Gangnam,43
758336846,Gangnam,64
758372289,Seongnam,51
758613301,Seongnam,33
758613459,Seongdong,49
758657879,Guro,34
758665442,Dongdaemun,46
758727509,Namyangju,47
758742234,Paju,43
758804554,Yongsan,55
758808903,Gangnam,65
758810655,Yeonsu,40
758822111,Seongnam,41
758900461,Hwaseong,49
758921454,Seongnam,56
758924458,Yongsan,33
758929175,Yongin,49
758933371,Yongsan,37
758980181,Seocho,47
759009488,Yangcheon,47
759042014,Seocho,38
759148622,Seongnam,50
759319181,Seongdong,31
759348081,Junggu,47
759371749,Yongsan,41
759429519,Gangnam,60
759431769,Seongnam,50
759479466,Dalseo,45
759499805,Goyang,38
759522554,Goyang,45
759596291,Eunpyeong,41
759632831,Anyang,44
759650924,Yongsan,86
759658281,Seongdong,32
759748531,Buk-gu,47
759768963,Bucheon,53
759843171,Seongdong,38
760052367,Gimpo,47
760055061,Gangbuk,41
760069076,Yongin,36
760148638,Seongdong,34
760240876,Seongnam,48
760279109,Cheongju,42
760363849,Gangdong,34
760374591,Goyang,44
760388463,Yongin,51
760714854,Suwon,65
760753971,Mapo,37
760823721,Gangnam,54
760959761,Yangcheon,55
761012607,Gangnam,48
761246974,Hwaseong,44
761288815,Mapo,47
761301255,Dong-gu,46
761331552,Gangnam,36
761573268,Gangnam,53
761581121,Seongnam,47
761625567,Hwaseong,49
761635679,Seongnam,53
761640656,Yongin,42
761688717,Seongnam,45
761706238,Yongsan,50
761725251,Yongin,43
761848499,Goyang,35
761993825,Seongnam,41
762059651,Gangnam,28
762195231,Seongdong,33
762230941,Seongdong,40
762275644,Gwangju,55
762275698,Yangcheon,46
762307312,Seo-gu,41
762313611,Seongnam,44
762410275,Gangnam,54
762439565,Seongnam,62
762479539,Gangnam,49
762484911,Yongin,60
762534283,Gangdong,41
762544131,Guro,31
762595801,Gangseo,47
762615099,Goyang,53
762716401,Gwangju,43
762730131,Goyang,35
762770747,Seongnam,69
762826101,Bucheon,35
762832123,Gwangju,45
762839978,Yeongdeungpo,63
762847175,Seongnam,66
762848847,Goyang,48
762877576,Yongin,46
762880357,Seongnam,53
762914877,Cheongju,43
762949835,Yongsan,59
763124236,Yongsan,53
763136648,Seo-gu,34
763171662,Gangnam,46
763227067,Gangnam,44
763227841,Seongnam,57
763245411,Mapo,37
763256513,Yongsan,37
763285283,Seongnam,43
763289686,Mapo,35
763300621,Yongsan,37
763352706,Gangnam,57
763377346,Seocho,34
763421181,Gangnam,42
763439415,Hwaseong,52
763454088,Seongnam,35
763483036,Seongnam,49
763548005,Songpa,36
763584591,Yeoju,58
763678381,Gangnam,56
763682861,Gangseo,50
763686437,Gangnam,48
763729121,Seo-gu,46
763735353,Seongnam,51
763812236,Gimpo,41
763893102,Hanam,48
763897471,Gangnam,52
763913083,Seocho,43
763953975,Yongin,53
764002328,Gangnam,45
764173894,Gangnam,36
764194091,Songpa,50
764235861,Seongnam,42
764259621,Seongnam,29
764350288,Seongnam,40
764368095,Gwangju,55
764430753,Siheung,58
764430816,Siheung,52
764432213,Gangnam,41
764440458,Yeongdeungpo,66
764454571,Seongdong,37
764468559,Gwangju,30
764519487,Bupyeong,47
764534758,Gangnam,55
764554367,Bucheon,61
764563223,Seo-gu,36
764577606,Yangcheon,42
764587291,Seongnam,31
764692732,Seongnam,44
764700834,Junggu,53
764735006,Gangnam,57
764799862,Gangnam,55
764866527,Eojeong-dong,40
764873992,Hanam,34
765123643,Gangnam,49
765188454,Gangnam,47
765221716,Yongin,45
765228432,Invalid,37
765298761,Gangnam,66
765321017,Nam-gu,69
765506901,Songpa,54
765535446,Songpa,33
765538493,Jongno,61
765574851,Gangnam,37
765637727,Gangnam,41
765648521,Geumcheon,41
765650005,Geumcheon,36
765665436,Gyeyang,38
765686221,Bupyeong,32
765719706,Songpa,38
766018654,Yongin,50
766071627,Jungnang,48
766137174,Cheongju,59
766199661,Yeongdeungpo,59
766245741,Yeongdeungpo,41
766265269,Yeonsu,51
766533338,Yongsan,51
766568612,Uiwang,78
766673126,Seocho,53
766758767,Cheongju,64
766900123,Yongin,37
766909111,Guri,44
766916851,Bucheon,40
766944465,Yongin,31
767036183,Gangnam,41
767048331,Gimpo,37
767071364,Mapo,45
767108171,Seongnam,53
767109105,Gangseo,42
767138191,Gangnam,33
767167689,Songpa,46
767168354,Gwangju,52
767233665,Yangcheon,52
767297534,Gangnam,52
767327796,Gangseo,38
767357991,Mapo,51
767394812,Gangnam,41
767488696,Yeongdeungpo,37
767508595,Namyangju,30
767524572,Seongdong,31
767595982,Bucheon,36
767646711,Yangsan,45
767682561,Yongin,42
767690961,Gangnam,48
767692355,Seongdong,34
767791736,Yangju,70
768304128,Pohang,56
768452815,Cheongju,47
768596094,Paju,37
768664751,Suwon,28
768673118,Seodaemun,34
768696677,Seongdong,41
768764323,Seongnam,37
768764731,Seongnam,43
768995801,Pyeongtaek,35
769049397,Gangseo,52
769059126,Gwangjin,29
769159711,Seongnam,55
769218618,Haeundae,36
769224825,Yongin,53
769237235,Yongin,35
769240332,Geumjeong,33
769312708,Gyeyang,28
769358331,Dalseo,35
769433861,Paju,36
769628688,Jongno,40
769761929,Paju,40
769825163,Nam-gu,42
769831355,Guro,29
770163872,Gangnam,40
770210038,Uiwang,38
770219972,Yeonsu,62
770385665,Paju,37
770509333,Yangsan,45
770579028,Osan,40
770840543,Paju,67
770900808,Bupyeong,34
770921935,Gangnam,31
771638865,Paju,66
771795741,Dongnae,35
771987068,Bucheon,37
772208689,Seo-gu,36
772210885,Goyang,65
772219923,Paju,62
100120364,Gangnam,95
100944574,Gangnam,84
101032831,Seocho,83
101490434,Gangnam,81
101564881,Gangnam,81
101701692,Songpa,80
101718897,Gangnam,80
102061278,Yongsan,79
102195946,Gangnam,78
102257859,Seocho,78
102263254,Suwon,78
102281243,Gwangjin,78
102729581,Gangnam,77
102779402,Gangnam,77
102950325,Seocho,76
103094786,Yongsan,76
103285719,Gangnam,75
103418836,Gangnam,75
103449291,Gangnam,75
103644511,Gangnam,74
103863115,Gangnam,74
104044197,Gangnam,73
104093209,Gangnam,73
104142006,Gangnam,73
104340642,Seongnam,73
104379966,Gangnam,73
104548955,Namyangju,72
104897944,Seocho,72
105222704,Namyangju,71
105248609,Cheonan,71
105265584,Yeongdeungpo,71
105328361,Haeundae,71
105368452,Ulju,71
105495951,Gangnam,71
105660769,Seocho,70
106003035,Gangnam,70
106265252,Yongsan,69
106299307,Gangnam,69
106476675,Junggu,69
106529483,Gwanak,69
106805221,Gangnam,69
107158161,Gangnam,68
107252508,Songpa,68
107328806,Gangnam,68
107769864,Seongnam,67
107783238,Gwangjin,67
107924323,Yongsan,67
107989056,Dongnae,67
108031758,Seocho,67
108168107,Yongsan,67
108184203,Gangnam,67
108331469,Gangnam,67
108417916,Gangnam,67
108589963,Gangnam,67
108619316,Suseong,67
108702973,Gangnam,66
108773528,Goyang,66
108792916,Gangnam,66
109565961,Yeongdeungpo,66
109574226,Seongnam,65
109609803,Seocho,65
109657961,Yongin,65
109695388,Gangnam,65
109922801,Yongsan,65
110200656,Songpa,65
110896269,Seocho,64
111151661,Gangnam,64
111156391,Gangnam,64
111428337,Gangnam,64
111765453,Gangnam,63
111765741,Yeongdeungpo,63
111765899,Seodaemun,63
111869761,Yangpyeong,63
112457681,Seocho,63
112513408,Seongdong,63
112578758,Seongnam,63
112631631,Gangnam,63
112858154,Gangnam,62
112967441,Gangnam,62
113367781,Seodaemun,62
113522462,Bupyeong,62
114107137,Guro,61
114121429,Seocho,61
114288761,Seocho,61
114313585,Songpa,61
114334838,Gangnam,61
114352686,Gangnam,61
114520251,Gangnam,61
114880265,Gangnam,61
114884066,Seongnam,61
115335781,Yongsan,60
115422581,Gangnam,60
115534251,Nam-gu,60
115731549,Gangnam,60
116197009,Gangnam,59
116232536,Gangnam,59
116299073,Seocho,59
116360975,Bupyeong,59
116443372,Mapo,59
116520387,Gangnam,59
116672091,Gangnam,59
116844632,Seongbuk,59
117070769,Hanam,59
117100611,Gangnam,59
117148332,Jongno,59
117512557,Yongsan,58
117548078,Seocho,58
117695589,Jongno,58
117777709,Seocho,58
117790959,Gangnam,58
117887152,Yangcheon,58
118024438,Yangcheon,58
118626974,Yongsan,57
118747531,Seongnam,57
118768499,Gwangjin,57
118899381,Seongdong,57
119216626,Gwangjin,57
119620344,Gangnam,56
119889968,Bucheon,56
120418571,Gyeongju,56
120564955,Seongdong,56
120800756,Yongsan,56
120941144,Seongbuk,56
121200141,Gangnam,55
121656363,Gangnam,55
121736826,Yongsan,55
121930336,Gangnam,55
121950641,Songpa,55
122184052,Gangnam,55
122257422,Yongsan,55
122298169,Yangcheon,55
122547599,Seocho,54
122593284,Gangnam,54
122640314,Seocho,54
122785397,Gangnam,54
122922402,Gangnam,54
123084289,Yangcheon,54
123112758,Gyeyang,54
123123143,Seocho,54
123160204,Seongnam,54
123255446,Gangnam,54
123354749,Gangnam,54
123504246,Miryang,54
123602425,Yongsan,54
123613033,Yeonsu,54
123628057,Gangnam,54
123816241,Gangnam,54
123819137,Guri,54
123827854,Yongsan,54
123856358,Seocho,54
124064285,Gangnam,53
124192185,Gangnam,53
124213731,Gangnam,53
124414086,Yeongdeungpo,53
124495868,Yongin,53
124777395,Seocho,53
125085131,Gangnam,53
125167542,Gangnam,53
125246268,Gangnam,53
125546947,Gangnam,52
125561211,Jinju,52
125599437,Songpa,52
125626836,Gangnam,52
126482101,Yangcheon,52
126535145,Seongdong,52
126605791,Yongsan,52
126611341,Seongbuk,52
126619935,Dongdaemun,52
126751651,Seodaemun,52
127147875,Gangnam,51
127177802,Seongdong,51
127338576,Gwangjin,51
127423981,Gangnam,51
127771741,Yeonsu,51
128064165,Gangnam,51
128114164,Gimpo,51
128164776,Gangnam,51
128187981,Gangnam,51
128261556,Gangnam,51
128279413,Seocho,50
128285884,Gangnam,50
128330001,Gangnam,50
128594869,Yongin,50
128637331,Seocho,50
129010401,Seocho,50
129221581,Seocho,50
129246423,Gangnam,50
129297861,Gangnam,50
129447459,Seocho,50
129591941,Goyang,49
129888071,Gangnam,49
129943753,Seongdong,49
130011073,Gangnam,49
130156228,Paju,49
130163806,Gangnam,49
130317418,Suwon,49
130420281,Yongsan,49
130508241,Seocho,49
130907399,Gangnam,48
130936438,Jongno,48
130986933,Yongsan,48
131611289,Gangnam,48
131672182,Songpa,48
131781073,Gangnam,48
131802447,Songpa,47
131806301,Ulju,47
131824042,Gangnam,47
131884424,Gangnam,47
132065619,Seocho,47
132392874,Gangnam,47
132413951,Gangseo,47
132761082,Seocho,46
132832271,Dobong,46
133139956,Seongbuk,46
133182269,Seocho,46
133857821,Yongsan,45
133887238,Seodaemun,45
133974198,Gangdong,45
134044765,Gwangju,45
134167662,Yongin,44
134277272,Gimpo,44
134446393,Mapo,44
134530867,Yangcheon,43
134544951,Hanam,43
134663863,Yongsan,43
134722666,Seocho,43
134916709,Mapo,42
135045481,Seocho,41
135621359,Seongdong,79
136422436,Gangnam,70
137035017,Gangnam,66
137113421,Gangnam,66
137312823,Gangnam,65
137384821,Gangnam,64
137431594,Goyang,64
137915961,Seongnam,61
138023641,Yongsan,60
138339156,Seongbuk,58
138474753,Seongnam,57
138740983,Seocho,55
138754015,Seongnam,55
138911486,Seongnam,54
138957914,Yongsan,53
139154581,Yangcheon,51
139255238,Gangnam,49
139256364,Songpa,49
139261631,Yongsan,49
139338293,Yongsan,47
139444401,Gangnam,53
141375705,Seongdong,43
142374238,Yongsan,45
142409451,Seongnam,56
142433868,Gangnam,47
143624027,Gangnam,66
143693635,Yongin,60
143811911,Seo-gu,54
144087611,Yongsan,46
144125581,Seocho,46
144223009,Seongnam,44
150028378,Seongdong,48
150073801,Bucheon,49
150142757,Gangnam,41
700450007,Seongdong,47
700488094,Gangnam,41
700623678,Yongsan,44
700980611,Gangnam,42
701475259,Gangnam,53
701475562,Seocho,50
701622001,Seongdong,40
702146359,Suwon,66
702373971,Yongsan,52
702994163,Gangnam,52
703064431,Seongdong,42
703198402,Seongnam,46
703293462,Gangnam,37
703354292,Gangnam,44
703547882,Seongnam,37
703584614,Nam-gu,41
703823553,Seongdong,41
704020556,Namyangju,39
704820611,Jeju,67
704861672,Gangnam,44
704873941,Goyang,43
705040097,Gangnam,42
705105053,Seocho,47
705582137,Seo-gu,56
705665437,Gangnam,57
705804956,Seongdong,51
706251069,Gangnam,39
706344574,Yongin,50
706345224,Gangnam,43
706465416,Seocho,47
706492661,Goyang,39
706518014,Seongbuk,57
706538028,Gangnam,59
706670424,Gangnam,45
706772549,Gangnam,82
707029091,Gangnam,44
707068844,Gangnam,50
707259891,Gangnam,54
707362545,Paju,40
707387683,Gunpo,41
707491108,Seocho,44
707527809,Yongsan,42
707942016,Gangnam,35
707956401,Seongdong,40
708054051,Gimhae,73
708495549,Seongnam,38
708573101,Namyangju,73
708709851,Gangnam,47
708959051,Seongnam,44
708978989,Jeonju,65
709334176,Seocho,52
709360932,Gangnam,40
709468086,Seongnam,48
709481962,Namyangju,47
709583234,Seongnam,49
709923071,Yongsan,74
709990861,Seongnam,51
710046711,Gangnam,76
710098954,Gangnam,46
710140355,Suseong,42
710163572,Seongdong,45
710283946,Yangcheon,45
710463151,Gangnam,83
710547757,Seocho,43
710570147,Gangnam,45
710572735,Yongsan,44
710582063,Yongsan,63
710874235,Seongdong,45
711003815,Seongdong,45
711043137,Seocho,49
711273017,Hwaseong,43
711371791,Paju,41
711521299,Suwon,45
711656842,Seocho,55
712114101,Seocho,57
712486317,Gangnam,45
712630146,Seongnam,54
712855591,Seongnam,55
713061161,Gangnam,47
713187391,Gangnam,53
713461011,Gangnam,50
713578593,Seongdong,42
713788704,Gangnam,46
713828501,Mapo,65
713869052,Seongdong,45
714344433,Gangnam,64
714519902,Gangnam,56
714599464,Seongnam,42
714844831,Jongno,52
715792661,Songpa,68
715982613,Seocho,66
716599415,Gyeongsan,43
716782481,Gangdong,38
716903784,Dalseong,52
717099709,Seongbuk,39
717333134,Yongsan,51
717814612,Yeongdeungpo,38
718212378,Goyang,39
718267142,Gangnam,44
718713478,Junggu,49
718826761,Gangnam,51
718917231,Goyang,49
719171609,Gangnam,67
719538071,Songpa,39
719544865,Gangnam,60
719675609,Buk-gu,50
719757854,Gangnam,57
719807211,Gangnam,47
719848204,Dalseo,54
719882644,Seongdong,44
720054937,Gangnam,38
720144011,Geoje,50
720655461,Gangnam,69
720825557,Gwangjin,39
720975312,Seocho,57
721559218,Seocho,41
721720871,Seongdong,37
721817467,Seongbuk,39
721844394,Songpa,36
721859336,Dongjak,35
721923733,Suseong,62
721923761,Suseong,60
721961868,Yongsan,49
721978161,Seongbuk,38
722023852,Gangnam,45
722053034,Dong-gu,42
722125141,Seocho,44
722428309,Gangnam,38
722581412,Dalseo,43
722623142,Gangnam,34
722662375,Seocho,36
722699408,Seocho,48
722734691,Dong-gu,52
722777371,Suseong,46
722870502,Suseong,79
722923641,Seongnam,69
723077031,Chilgok,55
723361626,Seongnam,52
723550791,Suseong,70
723596894,Gwangju,41
723723538,Namyangju,33
723781977,Gunpo,61
723808222,Gangnam,47
723835071,Gimcheon,47
723994743,Namyangju,45
724522281,Seongdong,43
724579121,Gangseo,38
724627082,Suseong,41
724751796,Jeju,44
725012241,Gangnam,55
725473662,Suwon,42
727422351,Dalseo,59
727463793,Yongsan,50
727550957,Gangnam,60
727603408,Songpa,46
727609491,Gangnam,53
727643202,Jincheon,47
727686173,Gangnam,36
727719827,Seo-gu,49
727812431,Uiwang,44
727874485,Gangnam,58
727904377,Mapo,42
728028261,Seongbuk,34
728162546,Seo-gu,39
728464046,Gangnam,47
728650201,Cheongju,43
728702905,Yongin,43
728702918,Yongin,44
728757567,Iksan,56
728964336,Seocho,45
728968466,Namyangju,40
728991289,Yongsan,36
729005823,Seongnam,43
729340561,Cheonan,43
729415103,Yongsan,36
729545868,Seocho,42
729563766,Suseong,55
729651586,Gangnam,54
729681071,Mapo,41
729712481,Seongnam,41
729746486,Hwaseong,56
729964741,Songpa,35
730146861,Yongsan,34
730279801,Gangnam,60
730364823,Goyang,38
730408762,Gwangju,35
730442503,Junggu,71
730516988,Jongno,54
730603853,Seongdong,47
730799934,Gangnam,48
730830138,Yongin,46
731204232,Seongdong,44
731220668,Seongdong,40
731285494,Gangnam,42
731382939,Gangseo,57
731432743,Gangnam,59
731472093,Gwangmyeong,37
731695216,Seongdong,42
731742161,Gangnam,41
731846833,Yongsan,54
732030248,Seocho,45
732039734,Gangnam,39
732062977,Gwangjin,43
732094747,Gangnam,65
732182896,Yangpyeong,59
732189647,Mapo,35
732264126,Yongsan,45
732269759,Jeonju,46
732306445,Suwon,39
732306461,Gangnam,43
732307296,Cheongju,57
732362004,Seocho,43
732398641,Gangnam,41
732487543,Hanam,37
732600265,Yongsan,40
732680111,Gumi,46
732782236,Yangju,45
732942451,Yongsan,41
732980387,Yongsan,62
733040918,Seongdong,43
733076981,Gangnam,54
733081156,Gangnam,45
733309223,Yongin,41
733322984,Jungnang,54
733430501,Namyangju,42
733499859,Seongnam,64
733611881,Uijeongbu,49
733619165,Dongdaemun,41
733841798,Yangcheon,39
733919584,Seocho,46
734030073,Yongsan,39
734095421,Hwaseong,39
734105141,Yongin,49
734117042,Gangnam,37
734148119,Gangnam,37
734239982,Gangnam,47
734375497,Hanam,43
734529224,Seongdong,44
734544671,Dobong,45
734589872,Gangnam,43
734630686,Eunpyeong,35
734638353,Gangnam,41
734643371,Eunpyeong,33
734681201,Seongnam,46
734683919,Gwangjin,55
734706012,Seongnam,46
734745427,Yongsan,39
734793021,Paju,51
734808635,Gwangmyeong,48
734857913,Hanam,43
734909771,Yongin,58
734940891,Seongbuk,35
735039604,Suwon,41
735043199,Songpa,42
735060127,Gangnam,43
735083119,Hanam,61
735311911,Gangnam,40
735380811,Gangdong,38
735637055,Gangnam,43
735738407,Gangnam,35
736039551,Nam-gu,42
736044539,Gangnam,45
736463738,Gangnam,43
736597951,Goyang,37
736603391,Gwanak,33
736845011,Suwon,33
737113691,Gangnam,37
737425416,Seodaemun,31
737607066,Gangnam,53
737810586,Gangnam,33
738064221,Seongnam,32
738121457,Dalseong,32
738144163,Gangnam,36
738218657,Guri,33
738358313,Gwanak,32
738474381,Hanam,42
738780544,Nam-gu,32
739101297,Gangnam,48
739112923,Gangseo,47
739192341,Gwangmyeong,45
739283318,Seongnam,38
739494806,Yeongdeungpo,51
739510538,Seongnam,55
739640493,Seodaemun,37
739826618,Yeonsu,43
740014602,Yangcheon,63
740116125,Seocho,68
740126159,Gimpo,52
740137042,Yangcheon,41
740159629,Gangnam,48
740433357,Gangnam,50
740433868,Gangnam,48
740469664,Jungnang,42
740582722,Junggu,51
740696895,Gangnam,33
740770668,Gangnam,41
740816903,Yeongdeungpo,47
740894202,Seongnam,45
741002411,Gwacheon,57
741040244,Gangnam,39
741075391,Yangcheon,38
741090583,Yongsan,40
741151595,Suseong,40
741211559,Wonju,45
741278447,Gangnam,43
741305051,Namyangju,57
741393351,Seongnam,44
741684675,Seongdong,54
741731103,Seocho,52
741746694,Gangnam,44
741967391,Gangnam,38
741967771,Gwangju,37
742016766,Gangnam,41
742071712,Pyeongtaek,63
742178699,Seocho,52
742226883,Yongsan,44
742246135,Songpa,35
742312375,Gangnam,38
742379683,Seongnam,64
742484983,Hanam,43
742732224,Yongin,51
742736354,Yongin,41
742781061,Seongnam,68
742820571,Seongnam,34
742834308,Yongin,32
742906521,Gangnam,52
742953404,Seongnam,34
742955811,Seongnam,52
743011901,Gangnam,46
743117987,Yongin,45
743206403,Seongdong,63
743242501,Hwaseong,45
743255209,Seongnam,55
743333601,Pyeongtaek,45
743417685,Yongin,39
743434823,Suwon,51
743560411,Yongin,55
743577491,Dobong,64
743594666,Seocho,30
743595933,Anyang,36
743639606,Suwon,67
743656133,Seongnam,45
744044909,Seongnam,54
744086681,Songpa,45
744154051,Wonju,53
744450639,Hoengseong,45
744487847,Seongnam,48
744566261,Gangnam,46
744651047,Seongnam,47
744712441,Gangnam,37
744718435,Hanam,47
744779551,Seongdong,47
744989835,Hwaseong,39
744989848,Seongnam,36
745189017,Seongnam,44
745246622,Yongin,78
745258276,Namyangju,60
745336558,Seocho,61
745689311,Geumjeong,30
745758384,Suseong,67
745795341,Anseong,43
745861839,Yeonsu,35
745933161,Junggu,68
745948639,Gangnam,36
746113471,Dongjak,39
746113783,Seongnam,42
746118301,Seongnam,63
746351211,Yeonsu,54
746381337,Yangcheon,39
746393372,Seongdong,59
746480733,Gangnam,32
746483674,Hwaseong,42
746724844,Seongnam,43
746743211,Yongsan,55
746847858,Songpa,40
746888121,Seongnam,41
746982145,Suseong,39
746984915,Seocho,39
747102451,Yongsan,38
747111437,Hwaseong,50
747345031,Seocho,58
747477633,Seongdong,48
747519389,Wonju,55
747841886,Dongdaemun,72
747929261,Seongnam,55
747957409,Yongsan,33
747989705,Gangnam,45
748217782,Guro,47
748481671,Yeonsu,34
748558537,Seongbuk,46
748615462,Yeonsu,38
748686136,Mapo,34
748870662,Gangnam,57
748925216,Gangnam,41
748955407,Seongnam,42
749009906,Ansan,43
749038453,Gangnam,45
749458603,Yongin,43
749486591,Bucheon,40
749549665,Yongin,41
749598354,Gwangju,49
749653133,Gangnam,44
749735351,Seongnam,51
749786562,Seongnam,46
749853779,Gangnam,41
749911001,Seongnam,57
749985471,Ansan,53
749997697,Hwaseong,48
750039855,Suseong,43
750091251,Seongnam,52
750124631,Seocho,61
750246195,Suwon,36
750295928,Gangseo,37
750395783,Yongsan,53
750492338,Yongsan,43
750562206,Gwangju,48
750601863,Yongin,45
750792484,Seocho,57
751016494,Seongnam,57
751069141,Seongdong,35
751088201,Seocho,45
751148496,Seocho,60
751287251,Hanam,37
751290111,Goyang,61
751368615,Buk-gu,34
751452922,Goyang,70
751468063,Seocho,34
751482223,Dong-gu,44
751540166,Goyang,37
751567247,Seongnam,42
751912816,Gangnam,38
751924394,Yeonsu,36
751926415,Goyang,38
751954453,Eunpyeong,51
751966614,Bupyeong,39
751978857,Ansan,37
752079381,Gangnam,41
752096019,Gangnam,36
752404345,Yeongju,54
752473756,Seongdong,36
752545558,Junggu,42
752829281,Gwangju,66
752966471,Hanam,33
752993207,Gangnam,50
752995472,Yongsan,41
753018758,Seocho,35
753042168,Gangnam,33
753147521,Seongnam,32
753187695,Yongin,33
753316773,Jungnang,35
753356054,Pohang,46
753394386,Goyang,39
753532478,Geumcheon,36
753560159,Pyeongtaek,53
753878781,Gangnam,56
753975701,Seongnam,37
754023206,Gimpo,46
754228922,Seo-gu,45
754233364,Songpa,38
754380323,Yongin,31
754418791,Dalseo,52
754706391,Gangbuk,40
754790341,Guri,36
754889718,Suwon,52
754997147,Siheung,36
755011579,Gimpo,39
755043769,Dong-gu,64
755068199,Gangnam,37
755077525,Seongnam,44
755208524,Songpa,46
755225051,Gangnam,42
755232733,Gangnam,49
755263371,Seodaemun,42
755269835,Mapo,48
755318201,Junggu,43
755593019,Uiwang,50
755770227,Seongdong,50
755837961,Gangnam,40
755850549,Gangnam,50
755864345,Seongnam,56
755911325,Gangnam,43
755992702,Suseong,54
756008165,Seocho,50
756044011,Bucheon,33
756060265,Seongnam,45
756062396,Yongin,44
756101997,Yongin,54
756139015,Gimpo,38
756142091,Buk-gu,45
756151113,Gangnam,37
756399653,Junggu,36
756443931,Seongdong,42
756536333,Hwaseong,43
756686064,Seodaemun,45
756768871,Gangnam,41
756852389,Cheonan,49
756903367,Yongin,34
756949197,Gangnam,32
756985708,Suwon,34
756997311,Seongnam,50
757201709,Gangnam,41
757325613,Mapo,52
757409372,Seocho,55
757459313,Gangnam,55
757505791,Yongsan,55
757523281,Nam-gu,53
757626212,Uiwang,55
757714192,Gangnam,40
757833204,Cheonan,45
757884291,Dalseo,51
757930956,Seongdong,39
757973111,Suwon,34
757986571,Gangnam,56
758044271,Ansan,58
758262889,Seongnam,52
758361103,Seo-gu,39
758374761,Yeongdeungpo,41
758499877,Songpa,33
758535111,Gapyeong,47
758563462,Yeongdeungpo,36
758632756,Hwaseong,37
758716491,Suwon,54
758739981,Cheongju,38
758742601,Gangnam,45
758818796,Yeonsu,50
758914989,Anseong,39
759020566,Seocho,35
759020616,Seongdong,44
759023391,Gangnam,46
759239461,Gangnam,50
759339609,Yongsan,37
759461271,Seocho,67
759493381,Yangcheon,33
759636673,Gwangju,47
759691567,Gangnam,43
759720701,Hwaseong,53
759820855,Seocho,60
759853781,Jungnang,48
759866839,Uiwang,48
760084911,Yeongdeungpo,40
760088906,Gangseo,36
760091011,Gangnam,56
760100551,Gangseo,56
760129211,Nowon,55
760378381,Songpa,37
760444219,Gangnam,32
760459171,Pocheon,38
760487271,Yongin,70
760542401,Seongdong,50
760699541,Yongsan,28
760753942,Goyang,36
760775563,Guri,65
760807965,Gangdong,30
761018974,Gangnam,45
761107641,Gangnam,41
761119321,Goyang,64
761226999,Namyangju,45
761275181,Gunpo,40
761356911,Gangnam,37
761423067,Gangnam,45
761428661,Seongnam,36
761470411,Gangnam,43
761549046,Gangnam,53
761559067,Eunpyeong,46
761606441,Gangnam,46
761622864,Yeongdeungpo,40
761631915,Gangnam,50
761687741,Seocho,40
761702621,Yeongdeungpo,43
761725024,Dalseo,42
761803494,Gangnam,51
761876221,Gangdong,44
762053654,Dalseo,32
762092471,Seongdong,30
762312525,Haeundae,47
762332294,Seocho,37
762357091,Seocho,64
762369985,Ansan,34
762493573,Jungnang,47
762578441,Seongnam,48
762657531,Iksan,65
762658248,Gangnam,38
762671811,Nam-gu,41
762718409,Pyeongtaek,40
762865017,Seocho,42
762865136,Guri,43
762939069,Mapo,36
763002688,Seongnam,48
763019961,Gangnam,38
763020561,Cheongju,38
763125516,Gwanak,54
763135173,Gangnam,51
763141772,Yongin,42
763188027,Seongnam,48
763194011,Namyangju,48
763254423,Seocho,65
763344662,Hwaseong,56
763354581,Gwanak,54
763362981,Seongnam,33
763414374,Yeonsu,52
763445401,Gangnam,31
763514041,Gwangju,37
763515936,Buk-gu,57
763559215,Dong-gu,45
763643955,Suwon,42
763658035,Gangnam,34
763669994,Gangnam,35
763678729,Gangnam,41
763708101,Seongnam,38
763808491,Haeundae,42
763811261,Gangnam,52
763812931,Seocho,39
763857388,Seongnam,54
763864442,Seocho,43
763890391,Pyeongtaek,31
763961461,Gangnam,37
763970762,Bucheon,39
763979371,Gangnam,64
764008641,Gangnam,54
764019431,Gangnam,38
764082795,Gangnam,46
764119271,Dongdaemun,39
764124365,Yangcheon,44
764205259,Gangnam,39
764207455,Dongdaemun,34
764228617,Gangnam,46
764268268,Dalseo,43
764320303,Jongno,35
764342279,Seocho,52
764353476,Yongsan,61
764399672,Yangcheon,42
764421527,Yongsan,42
764473971,Seongnam,41
764500268,Gangnam,38
764521902,Seongnam,50
764557477,Seocho,37
764562796,Gangnam,36
764618571,Gangnam,41
764623362,Yongsan,35
764722681,Songpa,27
764724887,Suseong,45
764727116,Gangnam,29
764763752,Seongdong,36
764765621,Seongnam,36
764773877,Haeundae,31
764812889,Seongnam,37
764868134,Songpa,47
764929904,Songpa,41
765057221,Siheung,26
765108961,Yeongdeungpo,56
765139085,Gimpo,44
765148829,Yeonsu,39
765163582,Hanam,40
765165191,Yongin,42
765237396,Gwanak,35
765253423,Yongsan,67
765258796,Nowon,34
765266463,Ansan,33
765280021,Seongnam,40
765300325,Cheongju,28
765310907,Seongdong,46
765315364,Namyangju,38
765319453,Seongnam,46
765356856,Songpa,53
765365108,Gangnam,35
765417871,Seongdong,38
765418471,Suseong,60
765418533,Eunpyeong,41
765426163,Gangnam,47
765511419,Seongdong,40
765524985,Seocho,61
765545677,Hwaseong,31
765592131,Yangcheon,44
765614237,Mapo,57
765619086,Seongdong,37
765650137,Gangnam,33
765663164,Yeongdeungpo,40
765678699,Guro,40
765695053,Yeonsu,43
765696201,Gimpo,31
765726621,Wonju,49
765802627,Songpa,44
765846671,Gangnam,37
765848745,Anseong,59
765873056,Seongdong,32
765950099,Seocho,45
765996752,Gangdong,40
765997341,Guri,52
766011611,Gwangju,70
766043723,Gunpo,40
766080292,Mapo,41
766095931,Dangjin,62
766107676,Yongsan,40
766108094,Seongnam,59
766115789,Gangnam,39
766142528,Bucheon,39
766150509,Dongdaemun,40
766170722,Hwaseong,41
766183719,Goyang,33
766235507,Gangnam,57
766244902,Haeundae,47
766250505,Seocho,37
766250953,Guro,38
766278058,Gangnam,46
766282661,Gangnam,49
766290849,Bupyeong,32
766292744,Yongin,63
766302689,Hanam,41
766318196,Seongdong,32
766319905,Yeongdeungpo,53
766349799,Songpa,43
766391631,Songpa,44
766392361,Junggu,35
766451738,Gangnam,33
766563321,Songpa,35
766613872,Gwangjin,51
766679569,Seocho,41
766694855,Dongjak,31
766713615,Yongsan,65
766742266,Nam-gu,44
766816944,Suwon,45
766834071,Hanam,37
766873144,Seongdong,31
766881439,Songpa,53
766885123,Yeongdeungpo,54
766920622,Gimpo,40
766929731,Jongno,32
766964351,Gangnam,46
767014008,Buan,41
767021811,Seongnam,55
767029545,Namyangju,52
767067507,Anseong,52
767107905,Uijeongbu,26
767121558,Bucheon,40
767132125,Songpa,32
767133418,Yongsan,45
767151699,Yeongdeungpo,28
767198771,Gangnam,39
767361747,Gimpo,43
767371937,Gimpo,47
767390946,Yongin,42
767454256,Yeongdeungpo,42
767467242,Gangnam,24
767478738,Yongin,43
767503499,Hwaseong,33
767514881,Yeonsu,41
767534944,Gangnam,56
767550151,Yongin,29
767594947,Yongsan,41
767596015,Yongsan,42
767619219,Junggu,41
767702716,Yongsan,37
767710409,Seongnam,55
767746982,Gangnam,56
767761952,Gimpo,44
767800771,Yongsan,50
767848501,Gangnam,38
767859148,Jongno,50
767884611,Gangnam,40
767895171,Goyang,52
767902421,Bupyeong,40
767918947,Dongdaemun,50
767925178,Cheonan,53
767943806,Seongbuk,39
767970012,Goyang,40
767972461,Gangnam,36
768009801,Hwaseong,37
768090524,Gwanak,64
768112279,Yongsan,47
768154737,Gunpo,35
768306506,Bucheon,30
768347621,Seongnam,44
768350469,Gangnam,47
768350681,Yeonsu,23
768364657,Gangnam,40
768397343,Pyeongtaek,31
768476645,Eunpyeong,41
768573701,Yangcheon,60
768585207,Haeundae,36
768592475,Pyeongtaek,65
768635654,Yangcheon,33
768684118,Songpa,36
768748963,Yeonsu,36
768789879,Suseong,74
768800212,Seo-gu,31
768806759,Gangnam,43
768811883,Gangnam,45
768821183,Gangnam,48
768823261,Songpa,55
768848474,Gangnam,36
768855974,Gimpo,45
768866357,Songpa,38
768906401,Gangnam,33
768916224,Gangnam,56
768946205,Gwangmyeong,45
768966128,Yeonsu,58
768974228,Bucheon,32
769002341,Seocho,53
769004273,Gangnam,44
769009421,Cheonan,59
769016904,Seongbuk,39
769050216,Yongsan,58
769055291,Gangseo,39
769075131,Gangnam,47
769134395,Gimpo,41
769165251,Seongdong,31
769193729,Songpa,37
769204733,Yongsan,53
769208337,Suseong,31
769219011,Gangnam,49
769223768,Gwacheon,40
769224656,Mapo,43
769243022,Gangnam,35
769256558,Gangnam,54
769281943,Songpa,30
769284464,Gangnam,36
769309704,Suwon,34
769310674,Gangnam,37
769320535,Gangnam,31
769362211,Seo-gu,54
769370229,Gangnam,30
769375102,Gimpo,36
769384367,Gangbuk,42
769386522,Gangnam,54
769392482,Yeonsu,36
769415814,Gangnam,38
769466086,Gwanak,50
769479423,Suwon,46
769480402,Haeundae,38
769485602,Seongdong,37
769505085,Seongbuk,45
769517101,Guro,34
769522511,Seocho,36
769550092,Anyang,48
769575447,Goyang,41
769611204,Suwon,37
769611953,Seo-gu,43
769617214,Jongno,54
769625775,Gangdong,37
769648981,Uiwang,48
769680173,Gangseo,48
769695983,Suseong,46
769719421,Sokcho,48
769730371,Gwangju,60
769743381,Bupyeong,43
769754081,Seocho,79
769760482,Gangnam,42
769791728,Gangnam,44
769797151,Seocho,38
769819545,Gangnam,31
769831071,Seongdong,29
769838868,Gangnam,45
769875459,Songpa,53
769916695,Songpa,30
769945853,Hanam,30
769951092,Songpa,56
770057041,Goyang,49
770080663,Gangseo,72
770091137,Seocho,44
770092902,Gangdong,46
770104692,Seongnam,62
770183845,Yongsan,47
770189571,Goyang,35
770218229,Jungnang,40
770233231,Gangseo,52
770251244,Gangnam,48
770257583,Gangnam,40
770268267,Pyeongtaek,59
770388292,Paju,61
770413561,Namyangju,41
770413771,Jongno,43
770416984,Dong-gu,56
770419884,Gangnam,43
770428597,Gangnam,52
770444941,Bucheon,41
770448319,Seongdong,50
770491615,Songpa,64
770502673,Seocho,38
770509181,Gangnam,37
770566148,Yongin,49
770583446,Gangnam,50
770679024,Songpa,24
770690942,Seongnam,52
770803348,Seocho,45
770851922,Gangnam,46
770872811,Gangnam,38
770931235,Yongsan,64
770970063,Guri,48
770975878,Yangcheon,29
770996202,Seo-gu,40
771019611,Hanam,33
771028805,Hwaseong,47
771153701,Seocho,34
771192295,Suwon,38
771234861,Gangnam,37
771267441,Songpa,32
771293816,Gimhae,36
771305762,Seo-gu,33
771413241,Dongjak,32
771439629,Yuseong,44
771588565,Seo-gu,53
771591675,Bucheon,23
771591831,Gangnam,51
771594221,Yongsan,42
771660012,Gangnam,45
771856872,Gangnam,71
771970346,Gangnam,71
771974191,Seocho,48
772097574,Gwangjin,34
772099125,Seocho,36
772152291,Yeongdeungpo,39
772186568,Yongsan,41
772281728,Gangbuk,75
772291617,Seongnam,36
772342731,Seongdong,31
772491531,Buk-gu,64
772653388,Gangnam,61
772680822,Yeongdo,58